date,temp,month,dayofyear,dayofweek,lag_1,lag_7,lag_14,roll_mean_7,roll_mean_14
1981-01-15,25.0,1,15,3,21.5,17.4,20.7,18.128571428571426,17.592857142857145
1981-01-16,20.7,1,16,4,25.0,21.8,17.9,19.214285714285715,17.900000000000002
1981-01-17,20.6,1,17,5,20.7,20.0,18.8,19.057142857142857,18.1
1981-01-18,24.8,1,18,6,20.6,16.2,14.6,19.142857142857142,18.228571428571428
1981-01-19,17.7,1,19,0,24.8,13.3,15.8,20.37142857142857,18.957142857142856
1981-01-20,15.5,1,20,1,17.7,16.7,15.8,21.0,19.092857142857145
1981-01-21,18.2,1,21,2,15.5,21.5,15.8,20.82857142857143,19.071428571428573
1981-01-22,12.1,1,22,3,18.2,25.0,17.4,20.357142857142858,19.24285714285714
1981-01-23,14.4,1,23,4,12.1,20.7,21.8,18.514285714285712,18.864285714285717
1981-01-24,16.0,1,24,5,14.4,20.6,20.0,17.614285714285714,18.335714285714285
1981-01-25,16.5,1,25,6,16.0,24.8,16.2,16.95714285714286,18.05
1981-01-26,18.7,1,26,0,16.5,17.7,13.3,15.771428571428572,18.071428571428573
1981-01-27,19.4,1,27,1,18.7,15.5,16.7,15.914285714285715,18.457142857142856
1981-01-28,17.2,1,28,2,19.4,18.2,21.5,16.47142857142857,18.650000000000002
1981-01-29,15.5,1,29,3,17.2,12.1,25.0,16.32857142857143,18.342857142857145
1981-01-30,15.1,1,30,4,15.5,14.4,20.7,16.814285714285713,17.664285714285715
1981-01-31,15.4,1,31,5,15.1,16.0,20.6,16.914285714285715,17.264285714285712
1981-02-01,15.3,2,32,6,15.4,16.5,24.8,16.82857142857143,16.892857142857142
1981-02-02,18.8,2,33,0,15.3,18.7,17.7,16.657142857142855,16.214285714285715
1981-02-03,21.9,2,34,1,18.8,19.4,15.5,16.67142857142857,16.29285714285714
1981-02-04,19.9,2,35,2,21.9,17.2,18.2,17.02857142857143,16.75
1981-02-05,16.6,2,36,3,19.9,15.5,12.1,17.414285714285715,16.871428571428574
1981-02-06,16.8,2,37,4,16.6,15.1,14.4,17.571428571428573,17.192857142857143
1981-02-07,14.6,2,38,5,16.8,15.4,16.0,17.814285714285713,17.364285714285717
1981-02-08,17.1,2,39,6,14.6,15.3,16.5,17.7,17.264285714285716
1981-02-09,25.0,2,40,0,17.1,18.8,18.7,17.95714285714286,17.307142857142857
1981-02-10,15.0,2,41,1,25.0,21.9,19.4,18.842857142857145,17.757142857142856
1981-02-11,13.7,2,42,2,15.0,19.9,17.2,17.857142857142858,17.442857142857143
1981-02-12,13.9,2,43,3,13.7,16.6,15.5,16.97142857142857,17.192857142857143
1981-02-13,18.3,2,44,4,13.9,16.8,15.1,16.585714285714285,17.07857142857143
1981-02-14,22.0,2,45,5,18.3,14.6,15.4,16.8,17.307142857142857
1981-02-15,22.1,2,46,6,22.0,17.1,15.3,17.857142857142858,17.77857142857143
1981-02-16,21.2,2,47,0,22.1,25.0,18.8,18.571428571428573,18.264285714285712
1981-02-17,18.4,2,48,1,21.2,15.0,21.9,18.02857142857143,18.435714285714287
1981-02-18,16.6,2,49,2,18.4,13.7,19.9,18.514285714285712,18.185714285714287
1981-02-19,16.1,2,50,3,16.6,13.9,16.6,18.928571428571427,17.95
1981-02-20,15.7,2,51,4,16.1,18.3,16.8,19.242857142857144,17.914285714285715
1981-02-21,16.6,2,52,5,15.7,22.0,14.6,18.87142857142857,17.835714285714285
1981-02-22,16.5,2,53,6,16.6,22.1,17.1,18.099999999999998,17.978571428571428
1981-02-23,14.4,2,54,0,16.5,21.2,25.0,17.3,17.935714285714287
1981-02-24,14.4,2,55,1,14.4,18.4,15.0,16.32857142857143,17.178571428571427
1981-02-25,18.5,2,56,2,14.4,16.6,13.7,15.757142857142858,17.135714285714286
1981-02-26,16.9,2,57,3,18.5,16.1,13.9,16.02857142857143,17.47857142857143
1981-02-27,17.5,2,58,4,16.9,15.7,18.3,16.142857142857142,17.692857142857143
1981-02-28,21.2,2,59,5,17.5,16.6,22.0,16.4,17.635714285714286
1981-03-01,17.8,3,60,6,21.2,16.5,22.1,17.057142857142857,17.57857142857143
1981-03-02,18.6,3,61,0,17.8,14.4,21.2,17.242857142857144,17.271428571428572
1981-03-03,17.0,3,62,1,18.6,14.4,18.4,17.842857142857145,17.085714285714285
1981-03-04,16.0,3,63,2,17.0,18.5,16.6,18.214285714285715,16.985714285714288
1981-03-05,13.3,3,64,3,16.0,16.9,16.1,17.857142857142858,16.942857142857143
1981-03-06,14.3,3,65,4,13.3,17.5,15.7,17.342857142857145,16.74285714285714
1981-03-07,11.4,3,66,5,14.3,21.2,16.6,16.885714285714286,16.642857142857142
1981-03-08,16.3,3,67,6,11.4,17.8,16.5,15.485714285714286,16.271428571428572
1981-03-09,16.1,3,68,0,16.3,18.6,14.4,15.271428571428572,16.25714285714286
1981-03-10,11.8,3,69,1,16.1,17.0,14.4,14.914285714285715,16.37857142857143
1981-03-11,12.2,3,70,2,11.8,16.0,18.5,14.171428571428573,16.192857142857143
1981-03-12,14.7,3,71,3,12.2,13.3,16.9,13.62857142857143,15.742857142857144
1981-03-13,11.8,3,72,4,14.7,14.3,17.5,13.828571428571427,15.585714285714285
1981-03-14,11.3,3,73,5,11.8,11.4,21.2,13.471428571428573,15.178571428571429
1981-03-15,10.6,3,74,6,11.3,16.3,17.8,13.457142857142857,14.471428571428572
1981-03-16,11.7,3,75,0,10.6,16.1,18.6,12.642857142857142,13.957142857142857
1981-03-17,14.2,3,76,1,11.7,11.8,17.0,12.014285714285716,13.464285714285714
1981-03-18,11.2,3,77,2,14.2,12.2,16.0,12.357142857142858,13.264285714285714
1981-03-19,16.9,3,78,3,11.2,14.7,13.3,12.214285714285714,12.921428571428573
1981-03-20,16.7,3,79,4,16.9,11.8,14.3,12.528571428571428,13.178571428571429
1981-03-21,8.1,3,80,5,16.7,11.3,11.4,13.22857142857143,13.35
1981-03-22,8.0,3,81,6,8.1,10.6,16.3,12.77142857142857,13.114285714285714
1981-03-23,8.8,3,82,0,8.0,11.7,16.1,12.4,12.521428571428572
1981-03-24,13.4,3,83,1,8.8,14.2,11.8,11.985714285714284,12.0
1981-03-25,10.9,3,84,2,13.4,11.2,12.2,11.87142857142857,12.114285714285716
1981-03-26,13.4,3,85,3,10.9,16.9,14.7,11.828571428571431,12.02142857142857
1981-03-27,11.0,3,86,4,13.4,16.7,11.8,11.328571428571427,11.928571428571429
1981-03-28,15.0,3,87,5,11.0,8.1,11.3,10.514285714285714,11.87142857142857
1981-03-29,15.7,3,88,6,15.0,8.0,10.6,11.5,12.135714285714286
1981-03-30,14.5,3,89,0,15.7,8.8,11.7,12.6,12.5
1981-03-31,15.8,3,90,1,14.5,13.4,14.2,13.414285714285715,12.700000000000001
1981-04-01,16.7,4,91,2,15.8,10.9,11.2,13.757142857142856,12.814285714285715
1981-04-02,16.8,4,92,3,16.7,13.4,16.9,14.585714285714285,13.207142857142856
1981-04-03,17.5,4,93,4,16.8,11.0,16.7,15.071428571428571,13.200000000000001
1981-04-04,17.1,4,94,5,17.5,15.0,8.1,16.0,13.257142857142856
1981-04-05,18.1,4,95,6,17.1,15.7,8.0,16.3,13.9
1981-04-06,16.6,4,96,0,18.1,14.5,8.8,16.642857142857142,14.621428571428572
1981-04-07,10.0,4,97,1,16.6,15.8,13.4,16.942857142857143,15.178571428571429
1981-04-08,14.9,4,98,2,10.0,16.7,10.9,16.114285714285717,14.935714285714287
1981-04-09,15.9,4,99,3,14.9,16.8,13.4,15.857142857142858,15.221428571428573
1981-04-10,13.0,4,100,4,15.9,17.5,11.0,15.72857142857143,15.400000000000002
1981-04-11,7.6,4,101,5,13.0,17.1,15.0,15.085714285714287,15.542857142857144
1981-04-12,11.5,4,102,6,7.6,18.1,15.7,13.728571428571428,15.014285714285716
1981-04-13,13.5,4,103,0,11.5,16.6,14.5,12.785714285714286,14.714285714285714
1981-04-14,13.0,4,104,1,13.5,10.0,15.8,12.342857142857142,14.642857142857142
1981-04-15,13.3,4,105,2,13.0,14.9,16.7,12.77142857142857,14.442857142857145
1981-04-16,12.1,4,106,3,13.3,15.9,16.8,12.542857142857144,14.2
1981-04-17,12.4,4,107,4,12.1,13.0,17.5,12.0,13.864285714285716
1981-04-18,13.2,4,108,5,12.4,7.6,17.1,11.914285714285715,13.5
1981-04-19,13.8,4,109,6,13.2,11.5,18.1,12.714285714285714,13.221428571428573
1981-04-20,10.6,4,110,0,13.8,13.5,16.6,13.042857142857144,12.914285714285713
1981-04-21,9.0,4,111,1,10.6,13.0,10.0,12.62857142857143,12.485714285714286
1981-04-22,10.0,4,112,2,9.0,13.3,14.9,12.057142857142859,12.414285714285715
1981-04-23,9.8,4,113,3,10.0,12.1,15.9,11.585714285714285,12.064285714285713
1981-04-24,11.5,4,114,4,9.8,12.4,13.0,11.257142857142856,11.62857142857143
1981-04-25,8.9,4,115,5,11.5,13.2,7.6,11.128571428571428,11.521428571428572
1981-04-26,7.4,4,116,6,8.9,13.8,11.5,10.514285714285716,11.614285714285714
1981-04-27,9.9,4,117,0,7.4,10.6,13.5,9.6,11.321428571428571
1981-04-28,9.3,4,118,1,9.9,9.0,13.0,9.5,11.064285714285715
1981-04-29,9.9,4,119,2,9.3,10.0,13.3,9.542857142857143,10.799999999999999
1981-04-30,7.4,4,120,3,9.9,9.8,12.1,9.528571428571428,10.557142857142859
1981-05-01,8.6,5,121,4,7.4,11.5,12.4,9.185714285714287,10.221428571428572
1981-05-02,11.9,5,122,5,8.6,8.9,13.2,8.771428571428572,9.950000000000001
1981-05-03,14.0,5,123,6,11.9,7.4,13.8,9.200000000000001,9.857142857142858
1981-05-04,8.6,5,124,0,14.0,9.9,10.6,10.142857142857142,9.87142857142857
1981-05-05,10.0,5,125,1,8.6,9.3,9.0,9.957142857142857,9.728571428571428
1981-05-06,13.5,5,126,2,10.0,9.9,10.0,10.057142857142859,9.799999999999999
1981-05-07,12.0,5,127,3,13.5,7.4,9.8,10.571428571428571,10.049999999999999
1981-05-08,10.5,5,128,4,12.0,8.6,11.5,11.228571428571428,10.207142857142856
1981-05-09,10.7,5,129,5,10.5,11.9,8.9,11.5,10.135714285714284
1981-05-10,8.1,5,130,6,10.7,14.0,7.4,11.328571428571427,10.264285714285716
1981-05-11,10.1,5,131,0,8.1,8.6,9.9,10.485714285714284,10.314285714285715
1981-05-12,10.6,5,132,1,10.1,10.0,9.3,10.700000000000001,10.328571428571427
1981-05-13,5.3,5,133,2,10.6,13.5,9.9,10.785714285714286,10.421428571428569
1981-05-14,6.6,5,134,3,5.3,12.0,7.4,9.614285714285714,10.092857142857143
1981-05-15,8.5,5,135,4,6.6,10.5,8.6,8.842857142857143,10.035714285714286
1981-05-16,11.2,5,136,5,8.5,10.7,11.9,8.557142857142857,10.028571428571427
1981-05-17,9.8,5,137,6,11.2,8.1,14.0,8.62857142857143,9.97857142857143
1981-05-18,5.9,5,138,0,9.8,10.1,8.6,8.871428571428572,9.678571428571429
1981-05-19,3.2,5,139,1,5.9,10.6,10.0,8.27142857142857,9.485714285714286
1981-05-20,2.1,5,140,2,3.2,5.3,13.5,7.214285714285714,9.0
1981-05-21,3.4,5,141,3,2.1,6.6,12.0,6.757142857142858,8.185714285714285
1981-05-22,5.4,5,142,4,3.4,8.5,10.5,6.3,7.571428571428571
1981-05-23,9.6,5,143,5,5.4,11.2,10.7,5.857142857142857,7.207142857142857
1981-05-24,11.5,5,144,6,9.6,9.8,8.1,5.628571428571429,7.128571428571428
1981-05-25,12.3,5,145,0,11.5,5.9,10.1,5.871428571428572,7.371428571428572
1981-05-26,12.6,5,146,1,12.3,3.2,10.6,6.785714285714286,7.528571428571428
1981-05-27,11.0,5,147,2,12.6,2.1,5.3,8.128571428571428,7.671428571428572
1981-05-28,11.2,5,148,3,11.0,3.4,6.6,9.4,8.07857142857143
1981-05-29,11.4,5,149,4,11.2,5.4,8.5,10.514285714285714,8.407142857142857
1981-05-30,11.8,5,150,5,11.4,9.6,11.2,11.37142857142857,8.614285714285714
1981-05-31,12.8,5,151,6,11.8,11.5,9.8,11.685714285714285,8.657142857142857
1981-06-01,11.6,6,152,0,12.8,12.3,5.9,11.87142857142857,8.871428571428572
1981-06-02,10.6,6,153,1,11.6,12.6,3.2,11.771428571428572,9.278571428571428
1981-06-03,9.8,6,154,2,10.6,11.0,2.1,11.485714285714284,9.807142857142859
1981-06-04,11.2,6,155,3,9.8,11.2,3.4,11.314285714285713,10.357142857142858
1981-06-05,5.7,6,156,4,11.2,11.4,5.4,11.314285714285715,10.914285714285715
1981-06-06,7.1,6,157,5,5.7,11.8,9.6,10.5,10.935714285714285
1981-06-07,2.5,6,158,6,7.1,12.8,11.5,9.828571428571427,10.757142857142856
1981-06-08,3.5,6,159,0,2.5,11.6,12.3,8.357142857142858,10.114285714285714
1981-06-09,4.6,6,160,1,3.5,10.6,12.6,7.2,9.485714285714284
1981-06-10,11.0,6,161,2,4.6,9.8,11.0,6.3428571428571425,8.914285714285715
1981-06-11,5.7,6,162,3,11.0,11.2,11.2,6.514285714285713,8.914285714285715
1981-06-12,7.7,6,163,4,5.7,5.7,11.4,5.728571428571428,8.521428571428572
1981-06-13,10.4,6,164,5,7.7,7.1,11.8,6.014285714285714,8.257142857142856
1981-06-14,11.4,6,165,6,10.4,2.5,12.8,6.485714285714286,8.157142857142857
1981-06-15,9.2,6,166,0,11.4,3.5,11.6,7.757142857142857,8.057142857142859
1981-06-16,6.1,6,167,1,9.2,4.6,10.6,8.571428571428571,7.885714285714285
1981-06-17,2.7,6,168,2,6.1,11.0,9.8,8.785714285714286,7.564285714285715
1981-06-18,4.3,6,169,3,2.7,5.7,11.2,7.6,7.057142857142857
1981-06-19,6.3,6,170,4,4.3,7.7,5.7,7.3999999999999995,6.564285714285715
1981-06-20,3.8,6,171,5,6.3,10.4,7.1,7.2,6.607142857142857
1981-06-21,4.4,6,172,6,3.8,11.4,2.5,6.257142857142857,6.371428571428572
1981-06-22,7.1,6,173,0,4.4,9.2,3.5,5.257142857142857,6.507142857142858
1981-06-23,4.8,6,174,1,7.1,6.1,4.6,4.957142857142856,6.764285714285714
1981-06-24,5.8,6,175,2,4.8,2.7,11.0,4.771428571428571,6.778571428571428
1981-06-25,6.2,6,176,3,5.8,4.3,5.7,5.214285714285714,6.407142857142857
1981-06-26,7.3,6,177,4,6.2,6.3,7.7,5.485714285714287,6.442857142857142
1981-06-27,9.2,6,178,5,7.3,3.8,10.4,5.628571428571428,6.4142857142857155
1981-06-28,10.2,6,179,6,9.2,4.4,11.4,6.3999999999999995,6.328571428571428
1981-06-29,9.5,6,180,0,10.2,7.1,9.2,7.228571428571428,6.242857142857142
1981-06-30,9.5,6,181,1,9.5,4.8,6.1,7.571428571428571,6.264285714285714
1981-07-01,10.7,7,182,2,9.5,5.8,2.7,8.242857142857142,6.507142857142857
1981-07-02,10.0,7,183,3,10.7,6.2,4.3,8.942857142857141,7.078571428571428
1981-07-03,6.5,7,184,4,10.0,7.3,6.3,9.485714285714284,7.485714285714286
1981-07-04,7.0,7,185,5,6.5,9.2,3.8,9.37142857142857,7.5
1981-07-05,7.4,7,186,6,7.0,10.2,4.4,9.057142857142855,7.728571428571429
1981-07-06,8.1,7,187,0,7.4,9.5,7.1,8.657142857142857,7.942857142857142
1981-07-07,6.6,7,188,1,8.1,9.5,4.8,8.457142857142857,8.014285714285714
1981-07-08,8.3,7,189,2,6.6,10.7,5.8,8.042857142857143,8.142857142857142
1981-07-09,8.9,7,190,3,8.3,10.0,6.2,7.7,8.321428571428571
1981-07-10,4.6,7,191,4,8.9,6.5,7.3,7.542857142857144,8.514285714285714
1981-07-11,6.8,7,192,5,4.6,7.0,9.2,7.271428571428571,8.321428571428571
1981-07-12,5.7,7,193,6,6.8,7.4,10.2,7.242857142857143,8.15
1981-07-13,6.1,7,194,0,5.7,8.1,9.5,7.0,7.828571428571428
1981-07-14,7.0,7,195,1,6.1,6.6,9.5,6.714285714285714,7.585714285714286
1981-07-15,7.2,7,196,2,7.0,8.3,10.7,6.771428571428572,7.4071428571428575
1981-07-16,6.3,7,197,3,7.2,8.9,10.0,6.614285714285714,7.1571428571428575
1981-07-17,8.8,7,198,4,6.3,4.6,6.5,6.242857142857143,6.892857142857143
1981-07-18,5.0,7,199,5,8.8,6.8,7.0,6.8428571428571425,7.057142857142857
1981-07-19,7.4,7,200,6,5.0,5.7,7.4,6.585714285714286,6.914285714285714
1981-07-20,10.1,7,201,0,7.4,6.1,8.1,6.828571428571428,6.9142857142857155
1981-07-21,12.0,7,202,1,10.1,7.0,6.6,7.4,7.057142857142857
1981-07-22,9.0,7,203,2,12.0,7.2,8.3,8.114285714285714,7.442857142857143
1981-07-23,8.9,7,204,3,9.0,6.3,8.9,8.371428571428572,7.492857142857143
1981-07-24,9.8,7,205,4,8.9,8.8,4.6,8.742857142857142,7.492857142857143
1981-07-25,9.0,7,206,5,9.8,5.0,6.8,8.885714285714286,7.864285714285715
1981-07-26,9.2,7,207,6,9.0,7.4,5.7,9.457142857142857,8.02142857142857
1981-07-27,7.7,7,208,0,9.2,10.1,6.1,9.714285714285714,8.271428571428572
1981-07-28,8.0,7,209,1,7.7,12.0,7.0,9.37142857142857,8.385714285714284
1981-07-29,6.1,7,210,2,8.0,9.0,7.2,8.8,8.457142857142857
1981-07-30,3.5,7,211,3,6.1,8.9,6.3,8.385714285714286,8.378571428571428
1981-07-31,3.2,7,212,4,3.5,9.8,8.8,7.614285714285715,8.178571428571429
1981-08-01,5.7,8,213,5,3.2,9.0,5.0,6.671428571428571,7.778571428571429
1981-08-02,7.7,8,214,6,5.7,9.2,7.4,6.2,7.828571428571428
1981-08-03,9.0,8,215,0,7.7,7.7,10.1,5.985714285714287,7.85
1981-08-04,10.0,8,216,1,9.0,8.0,12.0,6.171428571428572,7.771428571428571
1981-08-05,6.2,8,217,2,10.0,6.1,9.0,6.457142857142857,7.628571428571428
1981-08-06,6.9,8,218,3,6.2,3.5,8.9,6.471428571428571,7.428571428571429
1981-08-07,6.5,8,219,4,6.9,3.2,9.8,6.957142857142856,7.285714285714286
1981-08-08,6.8,8,220,5,6.5,5.7,9.0,7.428571428571429,7.05
1981-08-09,7.0,8,221,6,6.8,7.7,9.2,7.585714285714286,6.892857142857143
1981-08-10,5.2,8,222,0,7.0,9.0,7.7,7.485714285714287,6.735714285714286
1981-08-11,3.0,8,223,1,5.2,10.0,8.0,6.942857142857143,6.557142857142858
1981-08-12,5.6,8,224,2,3.0,6.2,6.1,5.942857142857142,6.200000000000001
1981-08-13,7.9,8,225,3,5.6,6.9,3.5,5.857142857142857,6.164285714285714
1981-08-14,9.0,8,226,4,7.9,6.5,3.2,6.0,6.478571428571429
1981-08-15,8.6,8,227,5,9.0,6.8,5.7,6.357142857142857,6.892857142857143
1981-08-16,10.3,8,228,6,8.6,7.0,7.7,6.614285714285714,7.1000000000000005
1981-08-17,10.5,8,229,0,10.3,5.2,9.0,7.085714285714286,7.285714285714286
1981-08-18,7.6,8,230,1,10.5,3.0,10.0,7.842857142857143,7.392857142857143
1981-08-19,9.7,8,231,2,7.6,5.6,6.2,8.5,7.221428571428572
1981-08-20,12.5,8,232,3,9.7,7.9,6.9,9.085714285714285,7.471428571428571
1981-08-21,7.4,8,233,4,12.5,9.0,6.5,9.742857142857144,7.871428571428571
1981-08-22,7.9,8,234,5,7.4,8.6,6.8,9.514285714285716,7.935714285714285
1981-08-23,3.9,8,235,6,7.9,10.3,7.0,9.414285714285715,8.014285714285714
1981-08-24,6.6,8,236,0,3.9,10.5,5.2,8.5,7.792857142857143
1981-08-25,4.6,8,237,1,6.6,7.6,3.0,7.942857142857142,7.892857142857143
1981-08-26,7.0,8,238,2,4.6,9.7,5.6,7.514285714285714,8.007142857142856
1981-08-27,6.0,8,239,3,7.0,12.5,7.9,7.128571428571428,8.107142857142858
1981-08-28,5.5,8,240,4,6.0,7.4,9.0,6.2,7.971428571428571
1981-08-29,8.1,8,241,5,5.5,7.9,8.6,5.928571428571429,7.721428571428571
1981-08-30,5.5,8,242,6,8.1,3.9,10.3,5.957142857142856,7.685714285714285
1981-08-31,6.2,8,243,0,5.5,6.6,10.5,6.185714285714285,7.342857142857143
1981-09-01,8.0,9,244,1,6.2,4.6,7.6,6.128571428571429,7.035714285714286
1981-09-02,10.3,9,245,2,8.0,7.0,9.7,6.614285714285715,7.064285714285714
1981-09-03,9.8,9,246,3,10.3,6.0,12.5,7.085714285714286,7.107142857142857
1981-09-04,9.6,9,247,4,9.8,5.5,7.4,7.628571428571429,6.914285714285714
1981-09-05,8.5,9,248,5,9.6,8.1,7.9,8.214285714285714,7.071428571428571
1981-09-06,7.5,9,249,6,8.5,5.5,3.9,8.27142857142857,7.114285714285714
1981-09-07,11.2,9,250,0,7.5,6.2,6.6,8.557142857142857,7.371428571428572
1981-09-08,14.6,9,251,1,11.2,8.0,4.6,9.27142857142857,7.7
1981-09-09,11.7,9,252,2,14.6,10.3,7.0,10.214285714285714,8.414285714285715
1981-09-10,7.8,9,253,3,11.7,9.8,6.0,10.414285714285715,8.75
1981-09-11,12.3,9,254,4,7.8,9.6,5.5,10.12857142857143,8.878571428571428
1981-09-12,10.1,9,255,5,12.3,8.5,8.1,10.514285714285714,9.364285714285714
1981-09-13,11.5,9,256,6,10.1,7.5,5.5,10.742857142857144,9.507142857142856
1981-09-14,7.3,9,257,0,11.5,11.2,6.2,11.314285714285715,9.935714285714285
1981-09-15,10.9,9,258,1,7.3,14.6,8.0,10.757142857142856,10.014285714285714
1981-09-16,14.1,9,259,2,10.9,11.7,10.3,10.22857142857143,10.221428571428572
1981-09-17,10.7,9,260,3,14.1,7.8,9.8,10.571428571428571,10.492857142857144
1981-09-18,16.9,9,261,4,10.7,12.3,9.6,10.985714285714286,10.557142857142855
1981-09-19,10.5,9,262,5,16.9,10.1,8.5,11.642857142857142,11.078571428571427
1981-09-20,6.5,9,263,6,10.5,11.5,7.5,11.700000000000001,11.221428571428572
1981-09-21,11.0,9,264,0,6.5,7.3,11.2,10.985714285714286,11.15
1981-09-22,6.3,9,265,1,11.0,10.9,14.6,11.514285714285714,11.135714285714286
1981-09-23,10.5,9,266,2,6.3,14.1,11.7,10.857142857142858,10.542857142857143
1981-09-24,7.2,9,267,3,10.5,10.7,7.8,10.342857142857143,10.457142857142857
1981-09-25,7.6,9,268,4,7.2,16.9,12.3,9.842857142857143,10.414285714285713
1981-09-26,10.7,9,269,5,7.6,10.5,10.1,8.514285714285714,10.078571428571427
1981-09-27,7.8,9,270,6,10.7,6.5,11.5,8.542857142857143,10.121428571428572
1981-09-28,9.6,9,271,0,7.8,11.0,7.3,8.72857142857143,9.857142857142858
1981-09-29,11.4,9,272,1,9.6,6.3,10.9,8.528571428571428,10.021428571428572
1981-09-30,12.4,9,273,2,11.4,10.5,14.1,9.257142857142856,10.057142857142855
1981-10-01,8.9,10,274,3,12.4,7.2,10.7,9.528571428571428,9.935714285714285
1981-10-02,13.2,10,275,4,8.9,7.6,16.9,9.771428571428572,9.807142857142859
1981-10-03,8.6,10,276,5,13.2,10.7,10.5,10.571428571428571,9.542857142857143
1981-10-04,6.2,10,277,6,8.6,7.8,6.5,10.27142857142857,9.407142857142858
1981-10-05,11.4,10,278,0,6.2,9.6,11.0,10.042857142857143,9.385714285714286
1981-10-06,13.2,10,279,1,11.4,11.4,6.3,10.3,9.414285714285715
1981-10-07,14.3,10,280,2,13.2,12.4,10.5,10.557142857142859,9.907142857142857
1981-10-08,7.3,10,281,3,14.3,8.9,7.2,10.828571428571427,10.178571428571429
1981-10-09,12.9,10,282,4,7.3,13.2,7.6,10.599999999999998,10.185714285714285
1981-10-10,7.8,10,283,5,12.9,8.6,10.7,10.557142857142859,10.564285714285715
1981-10-11,6.2,10,284,6,7.8,6.2,7.8,10.442857142857145,10.357142857142858
1981-10-12,5.6,10,285,0,6.2,11.4,9.6,10.442857142857141,10.242857142857144
1981-10-13,10.0,10,286,1,5.6,13.2,11.4,9.614285714285714,9.957142857142856
1981-10-14,13.3,10,287,2,10.0,14.3,12.4,9.157142857142857,9.857142857142858
1981-10-15,8.3,10,288,3,13.3,7.3,8.9,9.014285714285714,9.921428571428573
1981-10-16,10.2,10,289,4,8.3,12.9,13.2,9.157142857142857,9.878571428571428
1981-10-17,8.6,10,290,5,10.2,7.8,8.6,8.77142857142857,9.664285714285715
1981-10-18,7.3,10,291,6,8.6,6.2,6.2,8.885714285714286,9.664285714285715
1981-10-19,10.4,10,292,0,7.3,5.6,11.4,9.042857142857143,9.742857142857142
1981-10-20,11.2,10,293,1,10.4,10.0,13.2,9.728571428571428,9.671428571428573
1981-10-21,13.2,10,294,2,11.2,13.3,14.3,9.9,9.528571428571428
1981-10-22,11.4,10,295,3,13.2,8.3,7.3,9.885714285714286,9.45
1981-10-23,9.1,10,296,4,11.4,10.2,12.9,10.328571428571427,9.742857142857144
1981-10-24,6.6,10,297,5,9.1,8.6,7.8,10.171428571428573,9.471428571428572
1981-10-25,8.4,10,298,6,6.6,7.3,6.2,9.885714285714286,9.385714285714286
1981-10-26,9.7,10,299,0,8.4,10.4,5.6,10.042857142857143,9.542857142857143
1981-10-27,13.2,10,300,1,9.7,11.2,10.0,9.942857142857141,9.835714285714285
1981-10-28,12.5,10,301,2,13.2,13.2,13.3,10.228571428571428,10.064285714285715
1981-10-29,11.0,10,302,3,12.5,11.4,8.3,10.128571428571428,10.007142857142856
1981-10-30,11.0,10,303,4,11.0,9.1,10.2,10.071428571428571,10.2
1981-10-31,11.7,10,304,5,11.0,6.6,8.6,10.342857142857143,10.257142857142856
1981-11-01,9.2,11,305,6,11.7,8.4,7.3,11.071428571428571,10.478571428571428
1981-11-02,11.5,11,306,0,9.2,9.7,10.4,11.185714285714285,10.614285714285714
1981-11-03,13.6,11,307,1,11.5,13.2,11.2,11.442857142857141,10.692857142857141
1981-11-04,13.7,11,308,2,13.6,12.5,13.2,11.5,10.864285714285714
1981-11-05,10.4,11,309,3,13.7,11.0,11.4,11.671428571428569,10.9
1981-11-06,11.5,11,310,4,10.4,11.0,9.1,11.585714285714285,10.828571428571427
1981-11-07,7.6,11,311,5,11.5,11.7,6.6,11.657142857142857,11.0
1981-11-08,9.6,11,312,6,7.6,9.2,8.4,11.071428571428571,11.07142857142857
1981-11-09,14.2,11,313,0,9.6,11.5,9.7,11.12857142857143,11.157142857142858
1981-11-10,15.7,11,314,1,14.2,13.6,13.2,11.514285714285714,11.478571428571428
1981-11-11,10.5,11,315,2,15.7,13.7,12.5,11.814285714285713,11.657142857142857
1981-11-12,10.5,11,316,3,10.5,10.4,11.0,11.357142857142858,11.514285714285714
1981-11-13,9.7,11,317,4,10.5,11.5,11.0,11.37142857142857,11.478571428571428
1981-11-14,9.5,11,318,5,9.7,7.6,11.7,11.114285714285714,11.385714285714286
1981-11-15,11.3,11,319,6,9.5,9.6,9.2,11.385714285714286,11.228571428571428
1981-11-16,8.9,11,320,0,11.3,14.2,11.5,11.628571428571428,11.378571428571428
1981-11-17,9.4,11,321,1,8.9,15.7,13.6,10.87142857142857,11.192857142857141
1981-11-18,11.9,11,322,2,9.4,10.5,13.7,9.971428571428573,10.892857142857142
1981-11-19,11.7,11,323,3,11.9,10.5,10.4,10.171428571428573,10.764285714285716
1981-11-20,13.4,11,324,4,11.7,9.7,11.5,10.342857142857143,10.857142857142858
1981-11-21,12.6,11,325,5,13.4,9.5,7.6,10.87142857142857,10.992857142857144
1981-11-22,10.1,11,326,6,12.6,11.3,9.6,11.314285714285715,11.35
1981-11-23,15.8,11,327,0,10.1,8.9,14.2,11.142857142857142,11.385714285714284
1981-11-24,13.6,11,328,1,15.8,9.4,15.7,12.12857142857143,11.5
1981-11-25,11.9,11,329,2,13.6,11.9,10.5,12.728571428571428,11.35
1981-11-26,9.9,11,330,3,11.9,11.7,10.5,12.728571428571428,11.450000000000001
1981-11-27,12.6,11,331,4,9.9,13.4,9.7,12.471428571428572,11.407142857142858
1981-11-28,17.8,11,332,5,12.6,12.6,9.5,12.357142857142858,11.614285714285714
1981-11-29,15.0,11,333,6,17.8,10.1,11.3,13.1,12.207142857142857
1981-11-30,13.6,11,334,0,15.0,15.8,8.9,13.8,12.471428571428573
1981-12-01,13.4,12,335,1,13.6,13.6,9.4,13.485714285714286,12.807142857142859
1981-12-02,10.5,12,336,2,13.4,11.9,11.9,13.457142857142857,13.092857142857143
1981-12-03,14.2,12,337,3,10.5,9.9,11.7,13.257142857142858,12.992857142857144
1981-12-04,11.5,12,338,4,14.2,12.6,13.4,13.87142857142857,13.171428571428573
1981-12-05,13.0,12,339,5,11.5,17.8,12.6,13.714285714285714,13.035714285714286
1981-12-06,15.0,12,340,6,13.0,15.0,10.1,13.028571428571427,13.064285714285715
1981-12-07,14.7,12,341,0,15.0,13.6,15.8,13.028571428571427,13.414285714285715
1981-12-08,12.6,12,342,1,14.7,13.4,13.6,13.185714285714285,13.335714285714285
1981-12-09,12.5,12,343,2,12.6,10.5,11.9,13.071428571428571,13.264285714285716
1981-12-10,13.5,12,344,3,12.5,14.2,9.9,13.357142857142858,13.307142857142859
1981-12-11,14.8,12,345,4,13.5,11.5,12.6,13.257142857142858,13.564285714285715
1981-12-12,17.2,12,346,5,14.8,13.0,17.8,13.72857142857143,13.721428571428572
1981-12-13,9.7,12,347,6,17.2,15.0,15.0,14.328571428571426,13.678571428571429
1981-12-14,12.1,12,348,0,9.7,14.7,13.6,13.57142857142857,13.299999999999999
1981-12-15,12.8,12,349,1,12.1,12.6,13.4,13.200000000000001,13.192857142857141
1981-12-16,11.2,12,350,2,12.8,12.5,10.5,13.228571428571428,13.15
1981-12-17,16.4,12,351,3,11.2,13.5,14.2,13.042857142857143,13.2
1981-12-18,15.6,12,352,4,16.4,14.8,11.5,13.457142857142856,13.357142857142858
1981-12-19,13.3,12,353,5,15.6,17.2,13.0,13.57142857142857,13.65
1981-12-20,11.0,12,354,6,13.3,9.7,15.0,13.014285714285714,13.671428571428573
1981-12-21,11.1,12,355,0,11.0,12.1,14.7,13.200000000000001,13.385714285714286
1981-12-22,15.0,12,356,1,11.1,12.8,12.6,13.057142857142855,13.12857142857143
1981-12-23,12.8,12,357,2,15.0,11.2,12.5,13.37142857142857,13.299999999999999
1981-12-24,15.0,12,358,3,12.8,16.4,13.5,13.599999999999998,13.32142857142857
1981-12-25,14.2,12,359,4,15.0,15.6,14.8,13.4,13.428571428571427
1981-12-26,14.0,12,360,5,14.2,13.3,17.2,13.200000000000001,13.385714285714286
1981-12-27,15.5,12,361,6,14.0,11.0,9.7,13.299999999999999,13.157142857142857
1981-12-28,13.3,12,362,0,15.5,11.1,12.1,13.942857142857141,13.571428571428571
1981-12-29,15.6,12,363,1,13.3,15.0,12.8,14.257142857142856,13.657142857142857
1981-12-30,15.2,12,364,2,15.6,12.8,11.2,14.342857142857143,13.857142857142858
1981-12-31,17.4,12,365,3,15.2,15.0,16.4,14.685714285714285,14.142857142857142
1982-01-01,17.0,1,1,4,17.4,14.2,15.6,15.028571428571428,14.214285714285714
1982-01-02,15.0,1,2,5,17.0,14.0,13.3,15.428571428571429,14.314285714285715
1982-01-03,13.5,1,3,6,15.0,15.5,11.0,15.571428571428571,14.435714285714285
1982-01-04,15.2,1,4,0,13.5,13.3,11.1,15.285714285714286,14.614285714285714
1982-01-05,13.0,1,5,1,15.2,15.6,15.0,15.557142857142859,14.907142857142857
1982-01-06,12.5,1,6,2,13.0,15.2,12.8,15.185714285714285,14.764285714285714
1982-01-07,14.1,1,7,3,12.5,17.4,15.0,14.8,14.742857142857144
1982-01-08,14.8,1,8,4,14.1,17.0,14.2,14.328571428571427,14.678571428571429
1982-01-09,16.2,1,9,5,14.8,15.0,14.0,14.014285714285714,14.721428571428572
1982-01-10,15.8,1,10,6,16.2,13.5,15.5,14.185714285714285,14.878571428571428
1982-01-11,19.1,1,11,0,15.8,15.2,13.3,14.514285714285714,14.9
1982-01-12,22.2,1,12,1,19.1,13.0,15.6,15.071428571428571,15.314285714285715
1982-01-13,15.9,1,13,2,22.2,12.5,15.2,16.385714285714283,15.785714285714286
1982-01-14,13.0,1,14,3,15.9,14.1,17.4,16.87142857142857,15.835714285714285
1982-01-15,14.1,1,15,4,13.0,14.8,17.0,16.714285714285715,15.52142857142857
1982-01-16,15.8,1,16,5,14.1,16.2,15.0,16.614285714285717,15.314285714285713
1982-01-17,24.0,1,17,6,15.8,15.8,13.5,16.557142857142857,15.37142857142857
1982-01-18,18.0,1,18,0,24.0,19.1,15.2,17.72857142857143,16.12142857142857
1982-01-19,19.7,1,19,1,18.0,22.2,13.0,17.571428571428573,16.321428571428573
1982-01-20,25.2,1,20,2,19.7,15.9,12.5,17.214285714285715,16.8
1982-01-21,20.5,1,21,3,25.2,13.0,14.1,18.542857142857144,17.70714285714286
1982-01-22,19.3,1,22,4,20.5,14.1,14.8,19.614285714285717,18.164285714285715
1982-01-23,15.8,1,23,5,19.3,15.8,16.2,20.357142857142858,18.485714285714288
1982-01-24,17.0,1,24,6,15.8,24.0,15.8,20.357142857142858,18.45714285714286
1982-01-25,18.4,1,25,0,17.0,18.0,19.1,19.357142857142858,18.542857142857144
1982-01-26,13.3,1,26,1,18.4,19.7,22.2,19.414285714285715,18.49285714285714
1982-01-27,14.6,1,27,2,13.3,25.2,15.9,18.5,17.857142857142858
1982-01-28,12.5,1,28,3,14.6,20.5,13.0,16.985714285714288,17.764285714285716
1982-01-29,17.0,1,29,4,12.5,19.3,14.1,15.842857142857143,17.72857142857143
1982-01-30,17.1,1,30,5,17.0,15.8,15.8,15.514285714285714,17.935714285714287
1982-01-31,14.0,1,31,6,17.1,17.0,24.0,15.700000000000001,18.02857142857143
1982-02-01,14.6,2,32,0,14.0,18.4,18.0,15.271428571428572,17.314285714285713
1982-02-02,13.3,2,33,1,14.6,13.3,19.7,14.72857142857143,17.071428571428573
1982-02-03,14.8,2,34,2,13.3,14.6,25.2,14.72857142857143,16.614285714285717
1982-02-04,15.1,2,35,3,14.8,12.5,20.5,14.757142857142856,15.87142857142857
1982-02-05,13.1,2,36,4,15.1,17.0,19.3,15.12857142857143,15.485714285714286
1982-02-06,13.6,2,37,5,13.1,17.1,15.8,14.571428571428571,15.042857142857143
1982-02-07,19.5,2,38,6,13.6,14.0,17.0,14.071428571428571,14.885714285714286
1982-02-08,22.7,2,39,0,19.5,14.6,18.4,14.857142857142858,15.064285714285715
1982-02-09,17.2,2,40,1,22.7,13.3,13.3,16.014285714285712,15.37142857142857
1982-02-10,13.5,2,41,2,17.2,14.8,14.6,16.571428571428573,15.65
1982-02-11,15.4,2,42,3,13.5,15.1,12.5,16.385714285714286,15.571428571428571
1982-02-12,17.0,2,43,4,15.4,13.1,17.0,16.428571428571427,15.778571428571428
1982-02-13,19.2,2,44,5,17.0,13.6,17.1,16.985714285714288,15.778571428571427
1982-02-14,22.8,2,45,6,19.2,19.5,14.0,17.785714285714285,15.928571428571429
1982-02-15,26.3,2,46,0,22.8,22.7,14.6,18.25714285714286,16.557142857142857
1982-02-16,18.2,2,47,1,26.3,17.2,13.3,18.771428571428572,17.392857142857142
1982-02-17,17.0,2,48,2,18.2,13.5,14.8,18.914285714285715,17.74285714285714
1982-02-18,14.8,2,49,3,17.0,15.4,15.1,19.414285714285715,17.900000000000002
1982-02-19,12.8,2,50,4,14.8,17.0,13.1,19.328571428571426,17.878571428571426
1982-02-20,15.5,2,51,5,12.8,19.2,13.6,18.728571428571428,17.857142857142858
1982-02-21,15.6,2,52,6,15.5,22.8,19.5,18.2,17.992857142857144
1982-02-22,13.1,2,53,0,15.6,26.3,22.7,17.17142857142857,17.714285714285715
1982-02-23,15.2,2,54,1,13.1,18.2,17.2,15.285714285714286,17.02857142857143
1982-02-24,14.1,2,55,2,15.2,17.0,13.5,14.857142857142858,16.885714285714283
1982-02-25,12.5,2,56,3,14.1,14.8,15.4,14.442857142857145,16.928571428571427
1982-02-26,14.6,2,57,4,12.5,12.8,17.0,14.114285714285714,16.72142857142857
1982-02-27,10.4,2,58,5,14.6,15.5,19.2,14.37142857142857,16.55
1982-02-28,13.9,2,59,6,10.4,15.6,22.8,13.642857142857142,15.921428571428573
1982-03-01,11.9,3,60,0,13.9,13.1,26.3,13.400000000000002,15.285714285714286
1982-03-02,13.5,3,61,1,11.9,15.2,18.2,13.228571428571428,14.257142857142856
1982-03-03,9.8,3,62,2,13.5,14.1,17.0,12.985714285714286,13.921428571428569
1982-03-04,14.0,3,63,3,9.8,12.5,14.8,12.37142857142857,13.407142857142857
1982-03-05,21.5,3,64,4,14.0,14.6,12.8,12.585714285714285,13.35
1982-03-06,19.5,3,65,5,21.5,10.4,15.5,13.571428571428571,13.971428571428572
1982-03-07,16.7,3,66,6,19.5,13.9,15.6,14.87142857142857,14.257142857142856
1982-03-08,19.1,3,67,0,16.7,11.9,13.1,15.27142857142857,14.335714285714285
1982-03-09,11.0,3,68,1,19.1,13.5,15.2,16.3,14.764285714285716
1982-03-10,9.0,3,69,2,11.0,9.8,14.1,15.942857142857145,14.464285714285714
1982-03-11,10.0,3,70,3,9.0,14.0,12.5,15.828571428571431,14.1
1982-03-12,14.6,3,71,4,10.0,21.5,14.6,15.257142857142858,13.921428571428573
1982-03-13,12.5,3,72,5,14.6,19.5,10.4,14.271428571428572,13.921428571428573
1982-03-14,17.2,3,73,6,12.5,16.7,13.9,13.271428571428572,14.071428571428571
1982-03-15,19.2,3,74,0,17.2,19.1,11.9,13.342857142857143,14.307142857142859
1982-03-16,22.2,3,75,1,19.2,11.0,13.5,13.357142857142858,14.828571428571431
1982-03-17,15.7,3,76,2,22.2,9.0,9.8,14.957142857142856,15.450000000000001
1982-03-18,14.2,3,77,3,15.7,10.0,14.0,15.914285714285713,15.87142857142857
1982-03-19,9.8,3,78,4,14.2,14.6,21.5,16.514285714285712,15.885714285714286
1982-03-20,14.0,3,79,5,9.8,12.5,19.5,15.828571428571427,15.049999999999999
1982-03-21,17.5,3,80,6,14.0,17.2,16.7,16.04285714285714,14.657142857142857
1982-03-22,20.7,3,81,0,17.5,19.2,19.1,16.085714285714285,14.714285714285714
1982-03-23,15.6,3,82,1,20.7,22.2,11.0,16.3,14.828571428571427
1982-03-24,13.2,3,83,2,15.6,15.7,9.0,15.357142857142858,15.157142857142857
1982-03-25,14.5,3,84,3,13.2,14.2,10.0,15.0,15.457142857142856
1982-03-26,16.8,3,85,4,14.5,9.8,14.6,15.042857142857143,15.778571428571427
1982-03-27,17.2,3,86,5,16.8,14.0,12.5,16.042857142857144,15.935714285714285
1982-03-28,13.4,3,87,6,17.2,17.5,17.2,16.5,16.27142857142857
1982-03-29,14.2,3,88,0,13.4,20.7,19.2,15.914285714285715,16.0
1982-03-30,14.3,3,89,1,14.2,15.6,22.2,14.985714285714286,15.642857142857142
1982-03-31,10.2,3,90,2,14.3,13.2,15.7,14.8,15.078571428571427
1982-04-01,10.4,4,91,3,10.2,14.5,14.2,14.371428571428572,14.685714285714287
1982-04-02,12.3,4,92,4,10.4,16.8,9.8,13.785714285714286,14.414285714285713
1982-04-03,11.9,4,93,5,12.3,17.2,14.0,13.142857142857142,14.592857142857143
1982-04-04,11.2,4,94,6,11.9,13.4,17.5,12.385714285714286,14.442857142857145
1982-04-05,8.5,4,95,0,11.2,14.2,20.7,12.071428571428571,13.992857142857144
1982-04-06,12.0,4,96,1,8.5,14.3,15.6,11.257142857142856,13.12142857142857
1982-04-07,12.4,4,97,2,12.0,10.2,13.2,10.928571428571429,12.864285714285714
1982-04-08,12.9,4,98,3,12.4,10.4,14.5,11.242857142857142,12.807142857142859
1982-04-09,10.1,4,99,4,12.9,12.3,16.8,11.6,12.692857142857145
1982-04-10,15.0,4,100,5,10.1,11.9,17.2,11.285714285714286,12.214285714285714
1982-04-11,13.6,4,101,6,15.0,11.2,13.4,11.728571428571428,12.057142857142859
1982-04-12,12.4,4,102,0,13.6,8.5,14.2,12.071428571428571,12.071428571428571
1982-04-13,13.6,4,103,1,12.4,12.0,14.3,12.62857142857143,11.942857142857141
1982-04-14,16.1,4,104,2,13.6,12.4,10.2,12.857142857142858,11.892857142857142
1982-04-15,19.5,4,105,3,16.1,12.9,10.4,13.385714285714284,12.314285714285713
1982-04-16,14.2,4,106,4,19.5,10.1,12.3,14.328571428571431,12.964285714285714
1982-04-17,9.3,4,107,5,14.2,15.0,11.9,14.914285714285715,13.1
1982-04-18,10.1,4,108,6,9.3,13.6,11.2,14.100000000000003,12.914285714285715
1982-04-19,7.4,4,109,0,10.1,12.4,8.5,13.6,12.835714285714287
1982-04-20,8.6,4,110,1,7.4,13.6,12.0,12.885714285714288,12.757142857142858
1982-04-21,7.8,4,111,2,8.6,16.1,12.4,12.171428571428573,12.514285714285716
1982-04-22,9.1,4,112,3,7.8,19.5,12.9,10.985714285714284,12.185714285714285
1982-04-23,13.0,4,113,4,9.1,14.2,10.1,9.5,11.914285714285715
1982-04-24,16.5,4,114,5,13.0,9.3,15.0,9.328571428571427,12.12142857142857
1982-04-25,12.9,4,115,6,16.5,10.1,13.6,10.357142857142858,12.228571428571428
1982-04-26,6.9,4,116,0,12.9,7.4,12.4,10.757142857142856,12.178571428571429
1982-04-27,6.9,4,117,1,6.9,8.6,13.6,10.685714285714287,11.785714285714286
1982-04-28,8.7,4,118,2,6.9,7.8,16.1,10.442857142857141,11.307142857142859
1982-04-29,10.0,4,119,3,8.7,9.1,19.5,10.571428571428571,10.778571428571427
1982-04-30,10.8,4,120,4,10.0,13.0,14.2,10.700000000000001,10.099999999999998
1982-05-01,7.5,5,121,5,10.8,16.5,9.3,10.385714285714286,9.857142857142858
1982-05-02,6.3,5,122,6,7.5,12.9,10.1,9.1,9.728571428571428
1982-05-03,11.9,5,123,0,6.3,6.9,7.4,8.157142857142857,9.457142857142857
1982-05-04,13.8,5,124,1,11.9,6.9,8.6,8.871428571428572,9.778571428571428
1982-05-05,11.8,5,125,2,13.8,8.7,7.8,9.857142857142858,10.150000000000002
1982-05-06,11.0,5,126,3,11.8,10.0,9.1,10.3,10.435714285714285
1982-05-07,10.1,5,127,4,11.0,10.8,13.0,10.442857142857145,10.571428571428571
1982-05-08,8.5,5,128,5,10.1,7.5,16.5,10.342857142857143,10.364285714285714
1982-05-09,5.5,5,129,6,8.5,6.3,12.9,10.485714285714286,9.792857142857143
1982-05-10,7.6,5,130,0,5.5,11.9,6.9,10.371428571428572,9.264285714285714
1982-05-11,8.7,5,131,1,7.6,13.8,6.9,9.757142857142856,9.314285714285715
1982-05-12,10.8,5,132,2,8.7,11.8,8.7,9.028571428571428,9.442857142857141
1982-05-13,11.2,5,133,3,10.8,11.0,10.0,8.885714285714286,9.592857142857143
1982-05-14,9.1,5,134,4,11.2,10.1,10.8,8.914285714285715,9.678571428571429
1982-05-15,3.7,5,135,5,9.1,8.5,7.5,8.77142857142857,9.557142857142859
1982-05-16,4.6,5,136,6,3.7,5.5,6.3,8.085714285714285,9.285714285714286
1982-05-17,6.6,5,137,0,4.6,7.6,11.9,7.957142857142857,9.164285714285715
1982-05-18,13.2,5,138,1,6.6,8.7,13.8,7.814285714285714,8.785714285714286
1982-05-19,15.2,5,139,2,13.2,10.8,11.8,8.457142857142857,8.742857142857144
1982-05-20,7.6,5,140,3,15.2,11.2,11.0,9.085714285714285,8.985714285714286
1982-05-21,8.4,5,141,4,7.6,9.1,10.1,8.571428571428571,8.742857142857144
1982-05-22,6.0,5,142,5,8.4,3.7,8.5,8.471428571428572,8.62142857142857
1982-05-23,8.3,5,143,6,6.0,4.6,5.5,8.799999999999999,8.442857142857141
1982-05-24,8.6,5,144,0,8.3,6.6,7.6,9.328571428571427,8.642857142857142
1982-05-25,11.1,5,145,1,8.6,13.2,8.7,9.614285714285714,8.714285714285714
1982-05-26,12.1,5,146,2,11.1,15.2,10.8,9.314285714285715,8.885714285714284
1982-05-27,12.9,5,147,3,12.1,7.6,11.2,8.87142857142857,8.97857142857143
1982-05-28,14.0,5,148,4,12.9,8.4,9.1,9.62857142857143,9.1
1982-05-29,12.5,5,149,5,14.0,6.0,3.7,10.428571428571429,9.450000000000001
1982-05-30,11.5,5,150,6,12.5,8.3,4.6,11.357142857142858,10.078571428571431
1982-05-31,7.0,5,151,0,11.5,8.6,6.6,11.814285714285715,10.571428571428571
1982-06-01,7.1,6,152,1,7.0,11.1,13.2,11.585714285714287,10.6
1982-06-02,9.0,6,153,2,7.1,12.1,15.2,11.014285714285714,10.164285714285715
1982-06-03,3.1,6,154,3,9.0,12.9,7.6,10.571428571428571,9.721428571428572
1982-06-04,2.5,6,155,4,3.1,14.0,8.4,9.171428571428573,9.400000000000002
1982-06-05,0.0,6,156,5,2.5,12.5,6.0,7.528571428571428,8.97857142857143
1982-06-06,1.6,6,157,6,0.0,11.5,8.3,5.742857142857143,8.55
1982-06-07,2.6,6,158,0,1.6,7.0,8.6,4.328571428571428,8.071428571428571
1982-06-08,5.7,6,159,1,2.6,7.1,11.1,3.6999999999999997,7.642857142857143
1982-06-09,2.3,6,160,2,5.7,9.0,12.1,3.5,7.257142857142858
1982-06-10,4.5,6,161,3,2.3,3.1,12.9,2.542857142857143,6.557142857142857
1982-06-11,8.2,6,162,4,4.5,2.5,14.0,2.742857142857143,5.957142857142857
1982-06-12,6.9,6,163,5,8.2,0.0,12.5,3.557142857142857,5.542857142857143
1982-06-13,7.3,6,164,6,6.9,1.6,11.5,4.542857142857143,5.142857142857143
1982-06-14,6.0,6,165,0,7.3,2.6,7.0,5.357142857142857,4.8428571428571425
1982-06-15,7.3,6,166,1,6.0,5.7,7.1,5.8428571428571425,4.771428571428571
1982-06-16,7.6,6,167,2,7.3,2.3,9.0,6.071428571428571,4.785714285714286
1982-06-17,8.0,6,168,3,7.6,4.5,3.1,6.828571428571428,4.685714285714285
1982-06-18,8.0,6,169,4,8.0,8.2,2.5,7.328571428571428,5.035714285714286
1982-06-19,6.8,6,170,5,8.0,6.9,0.0,7.3,5.428571428571429
1982-06-20,7.3,6,171,6,6.8,7.3,1.6,7.285714285714286,5.914285714285714
1982-06-21,6.2,6,172,0,7.3,6.0,2.6,7.285714285714286,6.321428571428571
1982-06-22,6.9,6,173,1,6.2,7.3,5.7,7.314285714285714,6.578571428571428
1982-06-23,8.9,6,174,2,6.9,7.6,2.3,7.257142857142857,6.664285714285714
1982-06-24,4.0,6,175,3,8.9,8.0,4.5,7.442857142857142,7.135714285714285
1982-06-25,1.3,6,176,4,4.0,8.0,8.2,6.871428571428571,7.1
1982-06-26,0.8,6,177,5,1.3,6.8,6.9,5.914285714285714,6.607142857142856
1982-06-27,4.3,6,178,6,0.8,7.3,7.3,5.057142857142857,6.171428571428572
1982-06-28,7.3,6,179,0,4.3,6.2,6.0,4.628571428571428,5.957142857142857
1982-06-29,7.7,6,180,1,7.3,6.9,7.3,4.785714285714286,6.05
1982-06-30,9.0,6,181,2,7.7,8.9,7.6,4.8999999999999995,6.078571428571429
1982-07-01,4.2,7,182,3,9.0,4.0,8.0,4.914285714285714,6.178571428571429
1982-07-02,1.6,7,183,4,4.2,1.3,8.0,4.942857142857143,5.9071428571428575
1982-07-03,2.6,7,184,5,1.6,0.8,6.8,4.985714285714287,5.45
1982-07-04,3.4,7,185,6,2.6,4.3,7.3,5.242857142857143,5.1499999999999995
1982-07-05,3.9,7,186,0,3.4,7.3,6.2,5.114285714285715,4.871428571428572
1982-07-06,7.0,7,187,1,3.9,7.7,6.9,4.628571428571428,4.707142857142857
1982-07-07,7.8,7,188,2,7.0,9.0,8.9,4.5285714285714285,4.714285714285714
1982-07-08,5.3,7,189,3,7.8,4.2,4.0,4.357142857142857,4.635714285714285
1982-07-09,2.4,7,190,4,5.3,1.6,1.3,4.514285714285714,4.728571428571429
1982-07-10,2.8,7,191,5,2.4,2.6,0.8,4.628571428571428,4.807142857142857
1982-07-11,4.0,7,192,6,2.8,3.4,4.3,4.6571428571428575,4.95
1982-07-12,7.5,7,193,0,4.0,3.9,7.3,4.742857142857143,4.928571428571429
1982-07-13,7.8,7,194,1,7.5,7.0,7.7,5.257142857142857,4.942857142857143
1982-07-14,5.6,7,195,2,7.8,7.8,9.0,5.371428571428572,4.95
1982-07-15,3.3,7,196,3,5.6,5.3,4.2,5.057142857142857,4.707142857142856
1982-07-16,5.0,7,197,4,3.3,2.4,1.6,4.771428571428571,4.642857142857143
1982-07-17,3.7,7,198,5,5.0,2.8,2.6,5.142857142857143,4.885714285714286
1982-07-18,3.9,7,199,6,3.7,4.0,3.4,5.271428571428571,4.964285714285714
1982-07-19,5.2,7,200,0,3.9,7.5,3.9,5.257142857142858,5.0
1982-07-20,0.2,7,201,1,5.2,7.8,7.0,4.928571428571429,5.0928571428571425
1982-07-21,0.8,7,202,2,0.2,5.6,7.8,3.842857142857143,4.607142857142857
1982-07-22,0.9,7,203,3,0.8,3.3,5.3,3.1571428571428575,4.107142857142857
1982-07-23,3.5,7,204,4,0.9,5.0,2.4,2.8142857142857145,3.792857142857143
1982-07-24,6.6,7,205,5,3.5,3.7,2.8,2.6,3.8714285714285714
1982-07-25,9.5,7,206,6,6.6,3.9,4.0,3.0142857142857147,4.142857142857143
1982-07-26,9.0,7,207,0,9.5,5.2,7.5,3.814285714285714,4.535714285714286
1982-07-27,3.5,7,208,1,9.0,0.2,7.8,4.357142857142857,4.642857142857143
1982-07-28,4.5,7,209,2,3.5,0.8,5.6,4.828571428571428,4.335714285714286
1982-07-29,5.7,7,210,3,4.5,0.9,3.3,5.357142857142857,4.257142857142857
1982-07-30,5.6,7,211,4,5.7,3.5,5.0,6.042857142857143,4.428571428571429
1982-07-31,7.1,7,212,5,5.6,6.6,3.7,6.3428571428571425,4.4714285714285715
1982-08-01,9.7,8,213,6,7.1,9.5,3.9,6.414285714285714,4.714285714285714
1982-08-02,8.3,8,214,0,9.7,9.0,5.2,6.442857142857143,5.128571428571428
1982-08-03,9.1,8,215,1,8.3,3.5,0.2,6.342857142857142,5.3500000000000005
1982-08-04,2.8,8,216,2,9.1,4.5,0.8,7.1428571428571415,5.985714285714286
1982-08-05,2.2,8,217,3,2.8,5.7,0.9,6.9,6.128571428571428
1982-08-06,4.5,8,218,4,2.2,5.6,3.5,6.3999999999999995,6.221428571428572
1982-08-07,3.8,8,219,5,4.5,7.1,6.6,6.242857142857142,6.292857142857144
1982-08-08,3.8,8,220,6,3.8,9.7,9.5,5.771428571428571,6.0928571428571425
1982-08-09,6.2,8,221,0,3.8,8.3,9.0,4.928571428571429,5.685714285714285
1982-08-10,11.5,8,222,1,6.2,9.1,3.5,4.628571428571428,5.485714285714286
1982-08-11,10.2,8,223,2,11.5,2.8,4.5,4.971428571428571,6.057142857142857
1982-08-12,7.9,8,224,3,10.2,2.2,5.7,6.028571428571429,6.464285714285714
1982-08-13,9.0,8,225,4,7.9,4.5,5.6,6.8428571428571425,6.621428571428571
1982-08-14,9.5,8,226,5,9.0,3.8,7.1,7.485714285714286,6.864285714285714
1982-08-15,6.0,8,227,6,9.5,3.8,9.7,8.3,7.035714285714286
1982-08-16,8.2,8,228,0,6.0,6.2,8.3,8.614285714285714,6.771428571428571
1982-08-17,9.2,8,229,1,8.2,11.5,9.1,8.9,6.764285714285714
1982-08-18,4.3,8,230,2,9.2,10.2,2.8,8.571428571428571,6.771428571428571
1982-08-19,6.6,8,231,3,4.3,7.9,2.2,7.728571428571428,6.878571428571428
1982-08-20,9.4,8,232,4,6.6,9.0,4.5,7.542857142857143,7.192857142857142
1982-08-21,13.2,8,233,5,9.4,9.5,3.8,7.6,7.542857142857143
1982-08-22,6.6,8,234,6,13.2,6.0,3.8,8.128571428571428,8.214285714285714
1982-08-23,5.1,8,235,0,6.6,8.2,6.2,8.214285714285714,8.414285714285715
1982-08-24,12.1,8,236,1,5.1,9.2,11.5,7.771428571428571,8.335714285714285
1982-08-25,11.2,8,237,2,12.1,4.3,10.2,8.185714285714285,8.378571428571428
1982-08-26,8.5,8,238,3,11.2,6.6,7.9,9.171428571428573,8.45
1982-08-27,4.6,8,239,4,8.5,9.4,9.0,9.442857142857141,8.492857142857144
1982-08-28,7.0,8,240,5,4.6,13.2,9.5,8.757142857142856,8.178571428571429
1982-08-29,14.2,8,241,6,7.0,6.6,6.0,7.871428571428571,8.0
1982-08-30,12.7,8,242,0,14.2,5.1,8.2,8.957142857142857,8.585714285714285
1982-08-31,7.6,8,243,1,12.7,12.1,9.2,10.042857142857143,8.907142857142857
1982-09-01,4.0,9,244,2,7.6,11.2,4.3,9.4,8.792857142857143
1982-09-02,10.0,9,245,3,4.0,8.5,6.6,8.371428571428572,8.77142857142857
1982-09-03,10.5,9,246,4,10.0,4.6,9.4,8.585714285714285,9.014285714285714
1982-09-04,5.0,9,247,5,10.5,7.0,13.2,9.428571428571429,9.092857142857143
1982-09-05,4.5,9,248,6,5.0,14.2,6.6,9.142857142857142,8.507142857142856
1982-09-06,8.2,9,249,0,4.5,12.7,5.1,7.757142857142857,8.357142857142858
1982-09-07,4.3,9,250,1,8.2,7.6,12.1,7.114285714285714,8.57857142857143
1982-09-08,9.8,9,251,2,4.3,4.0,11.2,6.642857142857143,8.02142857142857
1982-09-09,5.8,9,252,3,9.8,10.0,8.5,7.471428571428571,7.921428571428571
1982-09-10,5.0,9,253,4,5.8,10.5,4.6,6.871428571428571,7.728571428571428
1982-09-11,8.5,9,254,5,5.0,5.0,7.0,6.0857142857142845,7.757142857142857
1982-09-12,9.0,9,255,6,8.5,4.5,14.2,6.5857142857142845,7.864285714285714
1982-09-13,3.6,9,256,0,9.0,8.2,12.7,7.228571428571428,7.492857142857142
1982-09-14,6.7,9,257,1,3.6,4.3,7.6,6.571428571428571,6.8428571428571425
1982-09-15,6.7,9,258,2,6.7,9.8,4.0,6.914285714285714,6.778571428571429
1982-09-16,10.1,9,259,3,6.7,5.8,10.0,6.471428571428572,6.971428571428571
1982-09-17,15.0,9,260,4,10.1,5.0,10.5,7.085714285714287,6.978571428571429
1982-09-18,8.9,9,261,5,15.0,8.5,5.0,8.514285714285716,7.3
1982-09-19,5.7,9,262,6,8.9,9.0,4.5,8.571428571428573,7.578571428571428
1982-09-20,4.2,9,263,0,5.7,3.6,8.2,8.1,7.664285714285714
1982-09-21,4.0,9,264,1,4.2,6.7,4.3,8.185714285714287,7.378571428571428
1982-09-22,5.3,9,265,2,4.0,6.7,9.8,7.8,7.357142857142857
1982-09-23,6.3,9,266,3,5.3,10.1,5.8,7.6,7.035714285714286
1982-09-24,8.5,9,267,4,6.3,15.0,5.0,7.057142857142857,7.071428571428571
1982-09-25,11.5,9,268,5,8.5,8.9,8.5,6.128571428571429,7.321428571428571
1982-09-26,7.7,9,269,6,11.5,5.7,9.0,6.5,7.535714285714286
1982-09-27,9.2,9,270,0,7.7,4.2,3.6,6.785714285714286,7.442857142857143
1982-09-28,7.8,9,271,1,9.2,4.0,6.7,7.5,7.8428571428571425
1982-09-29,6.3,9,272,2,7.8,5.3,6.7,8.042857142857143,7.921428571428571
1982-09-30,6.3,9,273,3,6.3,6.3,10.1,8.185714285714287,7.892857142857143
1982-10-01,8.6,10,274,4,6.3,8.5,15.0,8.185714285714285,7.621428571428572
1982-10-02,6.1,10,275,5,8.6,11.5,8.9,8.2,7.164285714285714
1982-10-03,13.2,10,276,6,6.1,7.7,5.7,7.428571428571429,6.964285714285714
1982-10-04,9.9,10,277,0,13.2,9.2,4.2,8.214285714285714,7.5
1982-10-05,4.7,10,278,1,9.9,7.8,4.0,8.314285714285715,7.9071428571428575
1982-10-06,5.8,10,279,2,4.7,6.3,5.3,7.871428571428572,7.957142857142857
1982-10-07,14.9,10,280,3,5.8,6.3,6.3,7.799999999999999,7.992857142857143
1982-10-08,10.7,10,281,4,14.9,8.6,8.5,9.028571428571428,8.607142857142858
1982-10-09,8.6,10,282,5,10.7,6.1,11.5,9.328571428571427,8.764285714285714
1982-10-10,9.4,10,283,6,8.6,13.2,7.7,9.685714285714285,8.557142857142859
1982-10-11,5.7,10,284,0,9.4,9.9,9.2,9.142857142857142,8.678571428571429
1982-10-12,10.9,10,285,1,5.7,4.7,7.8,8.542857142857143,8.428571428571429
1982-10-13,13.1,10,286,2,10.9,5.8,6.3,9.428571428571429,8.65
1982-10-14,10.4,10,287,3,13.1,14.9,6.3,10.471428571428572,9.135714285714286
1982-10-15,8.2,10,288,4,10.4,10.7,8.6,9.828571428571427,9.428571428571429
1982-10-16,9.8,10,289,5,8.2,8.6,6.1,9.471428571428572,9.4
1982-10-17,7.5,10,290,6,9.8,9.4,13.2,9.642857142857142,9.664285714285715
1982-10-18,5.8,10,291,0,7.5,5.7,9.9,9.37142857142857,9.257142857142856
1982-10-19,9.8,10,292,1,5.8,10.9,4.7,9.385714285714286,8.964285714285714
1982-10-20,7.9,10,293,2,9.8,13.1,5.8,9.228571428571428,9.328571428571427
1982-10-21,8.7,10,294,3,7.9,10.4,14.9,8.485714285714286,9.478571428571428
1982-10-22,10.0,10,295,4,8.7,8.2,10.7,8.242857142857144,9.035714285714286
1982-10-23,10.6,10,296,5,10.0,9.8,8.6,8.5,8.985714285714286
1982-10-24,8.0,10,297,6,10.6,7.5,9.4,8.614285714285714,9.128571428571428
1982-10-25,10.2,10,298,0,8.0,5.8,5.7,8.685714285714285,9.028571428571428
1982-10-26,15.1,10,299,1,10.2,9.8,10.9,9.314285714285715,9.35
1982-10-27,13.9,10,300,2,15.1,7.9,13.1,10.071428571428571,9.65
1982-10-28,9.2,10,301,3,13.9,8.7,10.4,10.928571428571429,9.707142857142857
1982-10-29,9.0,10,302,4,9.2,10.0,8.2,11.0,9.62142857142857
1982-10-30,13.2,10,303,5,9.0,10.6,9.8,10.857142857142858,9.678571428571429
1982-10-31,7.0,10,304,6,13.2,8.0,7.5,11.228571428571428,9.921428571428569
1982-11-01,10.6,11,305,0,7.0,10.2,5.8,11.085714285714285,9.885714285714284
1982-11-02,6.9,11,306,1,10.6,15.1,9.8,11.142857142857142,10.22857142857143
1982-11-03,9.5,11,307,2,6.9,13.9,7.9,9.971428571428572,10.021428571428572
1982-11-04,12.5,11,308,3,9.5,9.2,8.7,9.342857142857143,10.135714285714284
1982-11-05,13.6,11,309,4,12.5,9.0,10.0,9.814285714285713,10.407142857142857
1982-11-06,17.7,11,310,5,13.6,13.2,10.6,10.471428571428572,10.664285714285715
1982-11-07,16.0,11,311,6,17.7,7.0,8.0,11.114285714285714,11.171428571428573
1982-11-08,11.3,11,312,0,16.0,10.6,10.2,12.4,11.742857142857144
1982-11-09,10.5,11,313,1,11.3,6.9,15.1,12.5,11.821428571428571
1982-11-10,14.4,11,314,2,10.5,9.5,13.9,13.014285714285714,11.492857142857144
1982-11-11,10.3,11,315,3,14.4,12.5,9.2,13.714285714285714,11.528571428571427
1982-11-12,9.0,11,316,4,10.3,13.6,9.0,13.4,11.607142857142858
1982-11-13,11.1,11,317,5,9.0,17.7,13.2,12.742857142857144,11.607142857142858
1982-11-14,14.5,11,318,6,11.1,16.0,7.0,11.799999999999999,11.457142857142857
1982-11-15,18.0,11,319,0,14.5,11.3,10.6,11.585714285714285,11.992857142857142
1982-11-16,12.8,11,320,1,18.0,10.5,6.9,12.542857142857144,12.52142857142857
1982-11-17,10.7,11,321,2,12.8,14.4,9.5,12.871428571428572,12.942857142857141
1982-11-18,9.1,11,322,3,10.7,10.3,12.5,12.342857142857143,13.028571428571427
1982-11-19,8.7,11,323,4,9.1,9.0,13.6,12.171428571428573,12.785714285714283
1982-11-20,12.4,11,324,5,8.7,11.1,17.7,12.12857142857143,12.435714285714285
1982-11-21,12.6,11,325,6,12.4,14.5,16.0,12.314285714285715,12.057142857142859
1982-11-22,10.3,11,326,0,12.6,18.0,11.3,12.042857142857143,11.814285714285715
1982-11-23,13.7,11,327,1,10.3,12.8,10.5,10.942857142857145,11.742857142857142
1982-11-24,16.0,11,328,2,13.7,10.7,14.4,11.071428571428571,11.971428571428572
1982-11-25,15.8,11,329,3,16.0,9.1,10.3,11.828571428571431,12.085714285714287
1982-11-26,12.1,11,330,4,15.8,8.7,9.0,12.785714285714286,12.478571428571428
1982-11-27,12.5,11,331,5,12.1,12.4,11.1,13.27142857142857,12.700000000000001
1982-11-28,12.2,11,332,6,12.5,12.6,14.5,13.285714285714286,12.8
1982-11-29,13.7,11,333,0,12.2,10.3,18.0,13.228571428571428,12.635714285714286
1982-11-30,16.1,11,334,1,13.7,13.7,12.8,13.714285714285714,12.328571428571427
1982-12-01,15.5,12,335,2,16.1,16.0,10.7,14.057142857142855,12.564285714285715
1982-12-02,10.3,12,336,3,15.5,15.8,9.1,13.985714285714284,12.907142857142858
1982-12-03,10.5,12,337,4,10.3,12.1,8.7,13.200000000000001,12.992857142857144
1982-12-04,11.0,12,338,5,10.5,12.5,12.4,12.971428571428573,13.12142857142857
1982-12-05,11.9,12,339,6,11.0,12.2,12.6,12.757142857142858,13.02142857142857
1982-12-06,13.0,12,340,0,11.9,13.7,10.3,12.714285714285714,12.971428571428572
1982-12-07,12.2,12,341,1,13.0,16.1,13.7,12.614285714285714,13.164285714285715
1982-12-08,10.6,12,342,2,12.2,15.5,16.0,12.057142857142859,13.057142857142855
1982-12-09,13.0,12,343,3,10.6,10.3,15.8,11.357142857142858,12.671428571428573
1982-12-10,13.0,12,344,4,13.0,10.5,12.1,11.742857142857142,12.471428571428573
1982-12-11,12.2,12,345,5,13.0,11.0,12.5,12.099999999999998,12.535714285714286
1982-12-12,12.6,12,346,6,12.2,11.9,12.2,12.27142857142857,12.514285714285714
1982-12-13,18.7,12,347,0,12.6,13.0,13.7,12.37142857142857,12.542857142857143
1982-12-14,15.2,12,348,1,18.7,12.2,16.1,13.185714285714285,12.900000000000002
1982-12-15,15.3,12,349,2,15.2,10.6,15.5,13.614285714285714,12.835714285714285
1982-12-16,13.9,12,350,3,15.3,13.0,10.3,14.285714285714286,12.821428571428571
1982-12-17,15.8,12,351,4,13.9,13.0,10.5,14.414285714285715,13.078571428571427
1982-12-18,13.0,12,352,5,15.8,12.2,11.0,14.814285714285715,13.457142857142857
1982-12-19,13.0,12,353,6,13.0,12.6,11.9,14.928571428571429,13.6
1982-12-20,13.7,12,354,0,13.0,18.7,13.0,14.985714285714286,13.678571428571429
1982-12-21,12.0,12,355,1,13.7,15.2,12.2,14.271428571428572,13.728571428571428
1982-12-22,10.8,12,356,2,12.0,15.3,10.6,13.814285714285715,13.714285714285714
1982-12-23,15.6,12,357,3,10.8,13.9,13.0,13.171428571428573,13.728571428571428
1982-12-24,15.3,12,358,4,15.6,15.8,13.0,13.414285714285713,13.914285714285713
1982-12-25,13.9,12,359,5,15.3,13.0,12.2,13.342857142857143,14.078571428571427
1982-12-26,13.0,12,360,6,13.9,13.0,12.6,13.471428571428572,14.200000000000001
1982-12-27,15.3,12,361,0,13.0,13.7,18.7,13.471428571428572,14.22857142857143
1982-12-28,16.3,12,362,1,15.3,12.0,15.2,13.7,13.985714285714284
1982-12-29,15.8,12,363,2,16.3,10.8,15.3,14.314285714285713,14.064285714285715
1982-12-30,17.7,12,364,3,15.8,15.6,13.9,15.028571428571428,14.1
1982-12-31,16.3,12,365,4,17.7,15.3,15.8,15.328571428571431,14.371428571428572
1983-01-01,18.4,1,1,5,16.3,13.9,13.0,15.471428571428572,14.407142857142857
1983-01-02,15.0,1,2,6,18.4,13.0,13.0,16.114285714285714,14.792857142857143
1983-01-03,10.9,1,3,0,15.0,15.3,13.7,16.4,14.935714285714285
1983-01-04,11.4,1,4,1,10.9,16.3,12.0,15.771428571428572,14.735714285714286
1983-01-05,14.8,1,5,2,11.4,15.8,10.8,15.071428571428571,14.692857142857145
1983-01-06,12.1,1,6,3,14.8,17.7,15.6,14.928571428571429,14.978571428571428
1983-01-07,12.8,1,7,4,12.1,16.3,15.3,14.12857142857143,14.72857142857143
1983-01-08,16.2,1,8,5,12.8,18.4,13.9,13.628571428571428,14.549999999999999
1983-01-09,15.5,1,9,6,16.2,15.0,13.0,13.314285714285715,14.714285714285714
1983-01-10,13.0,1,10,0,15.5,10.9,15.3,13.385714285714286,14.892857142857142
1983-01-11,10.5,1,11,1,13.0,11.4,16.3,13.685714285714285,14.728571428571428
1983-01-12,9.1,1,12,2,10.5,14.8,15.8,13.557142857142859,14.314285714285713
1983-01-13,10.5,1,13,3,9.1,12.1,17.7,12.742857142857142,13.835714285714287
1983-01-14,11.8,1,14,4,10.5,12.8,16.3,12.514285714285714,13.321428571428571
1983-01-15,12.7,1,15,5,11.8,16.2,18.4,12.371428571428572,13.0
1983-01-16,12.7,1,16,6,12.7,15.5,15.0,11.87142857142857,12.592857142857143
1983-01-17,11.5,1,17,0,12.7,13.0,10.9,11.471428571428572,12.428571428571429
1983-01-18,13.8,1,18,1,11.5,10.5,11.4,11.257142857142856,12.471428571428572
1983-01-19,13.3,1,19,2,13.8,9.1,14.8,11.728571428571428,12.642857142857142
1983-01-20,11.6,1,20,3,13.3,10.5,12.1,12.328571428571431,12.535714285714286
1983-01-21,15.4,1,21,4,11.6,11.8,12.8,12.485714285714286,12.5
1983-01-22,12.4,1,22,5,15.4,12.7,16.2,13.0,12.685714285714285
1983-01-23,16.9,1,23,6,12.4,12.7,15.5,12.957142857142857,12.414285714285713
1983-01-24,14.7,1,24,0,16.9,11.5,13.0,13.557142857142859,12.514285714285716
1983-01-25,10.6,1,25,1,14.7,13.8,10.5,14.014285714285714,12.635714285714284
1983-01-26,15.6,1,26,2,10.6,13.3,9.1,13.557142857142859,12.64285714285714
1983-01-27,10.7,1,27,3,15.6,11.6,10.5,13.885714285714284,13.107142857142858
1983-01-28,12.6,1,28,4,10.7,15.4,11.8,13.757142857142856,13.12142857142857
1983-01-29,13.8,1,29,5,12.6,12.4,12.7,13.357142857142856,13.178571428571429
1983-01-30,14.3,1,30,6,13.8,16.9,12.7,13.557142857142859,13.257142857142856
1983-01-31,14.0,1,31,0,14.3,14.7,11.5,13.185714285714285,13.37142857142857
1983-02-01,18.1,2,32,1,14.0,10.6,13.8,13.085714285714285,13.549999999999999
1983-02-02,17.3,2,33,2,18.1,15.6,13.3,14.157142857142857,13.857142857142858
1983-02-03,13.0,2,34,3,17.3,10.7,11.6,14.400000000000002,14.142857142857142
1983-02-04,16.0,2,35,4,13.0,12.6,15.4,14.72857142857143,14.242857142857142
1983-02-05,14.9,2,36,5,16.0,13.8,12.4,15.214285714285717,14.285714285714286
1983-02-06,16.2,2,37,6,14.9,14.3,16.9,15.37142857142857,14.464285714285714
1983-02-07,20.3,2,38,0,16.2,14.0,14.7,15.642857142857142,14.414285714285715
1983-02-08,22.5,2,39,1,20.3,18.1,10.6,16.54285714285714,14.814285714285715
1983-02-09,17.2,2,40,2,22.5,17.3,15.6,17.17142857142857,15.664285714285715
1983-02-10,15.9,2,41,3,17.2,13.0,10.7,17.157142857142855,15.778571428571427
1983-02-11,16.8,2,42,4,15.9,16.0,12.6,17.571428571428573,16.15
1983-02-12,13.8,2,43,5,16.8,14.9,13.8,17.685714285714287,16.45
1983-02-13,12.8,2,44,6,13.8,16.2,14.3,17.52857142857143,16.45
1983-02-14,14.0,2,45,0,12.8,20.3,14.0,17.042857142857144,16.342857142857145
1983-02-15,17.5,2,46,1,14.0,22.5,18.1,16.142857142857142,16.342857142857145
1983-02-16,21.5,2,47,2,17.5,17.2,17.3,15.428571428571429,16.3
1983-02-17,16.8,2,48,3,21.5,15.9,13.0,16.042857142857144,16.6
1983-02-18,13.6,2,49,4,16.8,16.8,16.0,16.17142857142857,16.871428571428574
1983-02-19,14.5,2,50,5,13.6,13.8,14.9,15.714285714285714,16.7
1983-02-20,14.2,2,51,6,14.5,12.8,16.2,15.814285714285715,16.67142857142857
1983-02-21,15.7,2,52,0,14.2,14.0,20.3,16.014285714285716,16.52857142857143
1983-02-22,19.7,2,53,1,15.7,17.5,22.5,16.257142857142856,16.2
1983-02-23,17.4,2,54,2,19.7,21.5,17.2,16.571428571428573,16.0
1983-02-24,14.4,2,55,3,17.4,16.8,15.9,15.985714285714286,16.014285714285716
1983-02-25,16.9,2,56,4,14.4,13.6,16.8,15.642857142857142,15.907142857142858
1983-02-26,19.1,2,57,5,16.9,14.5,13.8,16.114285714285714,15.914285714285715
1983-02-27,20.4,2,58,6,19.1,14.2,12.8,16.771428571428572,16.29285714285714
1983-02-28,20.1,2,59,0,20.4,15.7,14.0,17.657142857142855,16.835714285714285
1983-03-01,19.9,3,60,1,20.1,19.7,17.5,18.285714285714285,17.271428571428572
1983-03-02,22.0,3,61,2,19.9,17.4,21.5,18.314285714285713,17.442857142857143
1983-03-03,20.5,3,62,3,22.0,14.4,16.8,18.97142857142857,17.478571428571428
1983-03-04,22.1,3,63,4,20.5,16.9,13.6,19.842857142857138,17.74285714285714
1983-03-05,20.6,3,64,5,22.1,19.1,14.5,20.585714285714285,18.349999999999998
1983-03-06,15.0,3,65,6,20.6,20.4,14.2,20.800000000000004,18.785714285714285
1983-03-07,20.6,3,66,0,15.0,20.1,15.7,20.02857142857143,18.842857142857145
1983-03-08,21.5,3,67,1,20.6,19.9,19.7,20.1,19.192857142857143
1983-03-09,16.2,3,68,2,21.5,22.0,17.4,20.32857142857143,19.321428571428573
1983-03-10,14.1,3,69,3,16.2,20.5,14.4,19.5,19.235714285714288
1983-03-11,14.5,3,70,4,14.1,22.1,16.9,18.585714285714285,19.214285714285715
1983-03-12,21.1,3,71,5,14.5,20.6,19.1,17.500000000000004,19.042857142857144
1983-03-13,15.9,3,72,6,21.1,15.0,20.4,17.571428571428573,19.185714285714287
1983-03-14,15.2,3,73,0,15.9,20.6,20.1,17.7,18.864285714285717
1983-03-15,13.1,3,74,1,15.2,21.5,19.9,16.928571428571427,18.514285714285712
1983-03-16,13.2,3,75,2,13.1,16.2,22.0,15.72857142857143,18.02857142857143
1983-03-17,12.5,3,76,3,13.2,14.1,20.5,15.299999999999999,17.4
1983-03-18,15.2,3,77,4,12.5,14.5,22.1,15.071428571428571,16.82857142857143
1983-03-19,17.6,3,78,5,15.2,21.1,20.6,15.171428571428569,16.335714285714285
1983-03-20,15.5,3,79,6,17.6,15.9,15.0,14.671428571428573,16.12142857142857
1983-03-21,16.7,3,80,0,15.5,15.2,20.6,14.614285714285714,16.157142857142855
1983-03-22,16.3,3,81,1,16.7,13.1,21.5,14.828571428571431,15.87857142857143
1983-03-23,15.1,3,82,2,16.3,13.2,16.2,15.285714285714286,15.507142857142856
1983-03-24,12.7,3,83,3,15.1,12.5,14.1,15.557142857142859,15.428571428571429
1983-03-25,10.0,3,84,4,12.7,15.2,14.5,15.585714285714287,15.328571428571427
1983-03-26,11.4,3,85,5,10.0,17.6,21.1,14.842857142857143,15.007142857142856
1983-03-27,12.6,3,86,6,11.4,15.5,15.9,13.957142857142856,14.314285714285715
1983-03-28,10.7,3,87,0,12.6,16.7,15.2,13.542857142857143,14.078571428571427
1983-03-29,10.0,3,88,1,10.7,16.3,13.1,12.685714285714285,13.757142857142856
1983-03-30,13.9,3,89,2,10.0,15.1,13.2,11.785714285714286,13.535714285714286
1983-03-31,13.4,3,90,3,13.9,12.7,12.5,11.614285714285714,13.585714285714285
1983-04-01,12.5,4,91,4,13.4,10.0,15.2,11.714285714285714,13.65
1983-04-02,12.8,4,92,5,12.5,11.4,17.6,12.071428571428571,13.457142857142857
1983-04-03,7.8,4,93,6,12.8,12.6,15.5,12.27142857142857,13.114285714285716
1983-04-04,11.1,4,94,0,7.8,10.7,16.7,11.585714285714285,12.564285714285715
1983-04-05,10.7,4,95,1,11.1,10.0,16.3,11.642857142857142,12.164285714285713
1983-04-06,7.1,4,96,2,10.7,13.9,15.1,11.742857142857142,11.764285714285716
1983-04-07,6.7,4,97,3,7.1,13.4,12.7,10.771428571428572,11.192857142857141
1983-04-08,5.7,4,98,4,6.7,12.5,10.0,9.814285714285715,10.764285714285714
1983-04-09,9.1,4,99,5,5.7,12.8,11.4,8.842857142857143,10.457142857142857
1983-04-10,15.2,4,100,6,9.1,7.8,12.6,8.314285714285715,10.292857142857143
1983-04-11,15.5,4,101,0,15.2,11.1,10.7,9.37142857142857,10.478571428571428
1983-04-12,11.1,4,102,1,15.5,10.7,10.0,10.0,10.821428571428571
1983-04-13,11.7,4,103,2,11.1,7.1,13.9,10.057142857142859,10.900000000000002
1983-04-14,11.5,4,104,3,11.7,6.7,13.4,10.714285714285714,10.742857142857144
1983-04-15,9.8,4,105,4,11.5,5.7,12.5,11.4,10.607142857142858
1983-04-16,6.2,4,106,5,9.8,9.1,12.8,11.985714285714284,10.414285714285715
1983-04-17,6.7,4,107,6,6.2,15.2,7.8,11.571428571428571,9.942857142857141
1983-04-18,7.5,4,108,0,6.7,15.5,11.1,10.357142857142858,9.864285714285714
1983-04-19,8.8,4,109,1,7.5,11.1,10.7,9.214285714285714,9.607142857142858
1983-04-20,8.0,4,110,2,8.8,11.7,7.1,8.885714285714286,9.471428571428572
1983-04-21,10.4,4,111,3,8.0,11.5,6.7,8.357142857142858,9.535714285714286
1983-04-22,14.5,4,112,4,10.4,9.8,5.7,8.2,9.799999999999999
1983-04-23,16.5,4,113,5,14.5,6.2,9.1,8.871428571428572,10.428571428571429
1983-04-24,14.1,4,114,6,16.5,6.7,15.2,10.342857142857143,10.957142857142857
1983-04-25,10.5,4,115,0,14.1,7.5,15.5,11.4,10.878571428571428
1983-04-26,12.6,4,116,1,10.5,8.8,11.1,11.828571428571427,10.52142857142857
1983-04-27,13.0,4,117,2,12.6,8.0,11.7,12.37142857142857,10.62857142857143
1983-04-28,8.7,4,118,3,13.0,10.4,11.5,13.085714285714285,10.721428571428573
1983-04-29,10.1,4,119,4,8.7,14.5,9.8,12.842857142857142,10.521428571428572
1983-04-30,12.0,4,120,5,10.1,16.5,6.2,12.214285714285714,10.542857142857143
1983-05-01,12.5,5,121,6,12.0,14.1,6.7,11.571428571428571,10.957142857142857
1983-05-02,13.5,5,122,0,12.5,10.5,7.5,11.342857142857142,11.37142857142857
1983-05-03,13.7,5,123,1,13.5,12.6,8.8,11.77142857142857,11.799999999999999
1983-05-04,13.5,5,124,2,13.7,13.0,8.0,11.928571428571429,12.150000000000002
1983-05-05,10.7,5,125,3,13.5,8.7,10.4,12.0,12.542857142857144
1983-05-06,13.0,5,126,4,10.7,10.1,14.5,12.285714285714286,12.564285714285715
1983-05-07,11.6,5,127,5,13.0,12.0,16.5,12.700000000000001,12.457142857142857
1983-05-08,13.0,5,128,6,11.6,12.5,14.1,12.642857142857142,12.107142857142858
1983-05-09,11.2,5,129,0,13.0,13.5,10.5,12.714285714285714,12.028571428571428
1983-05-10,13.5,5,130,1,11.2,13.7,12.6,12.385714285714286,12.078571428571431
1983-05-11,12.9,5,131,2,13.5,13.5,13.0,12.357142857142858,12.142857142857142
1983-05-12,6.8,5,132,3,12.9,10.7,8.7,12.271428571428572,12.135714285714284
1983-05-13,10.0,5,133,4,6.8,13.0,10.1,11.714285714285714,12.0
1983-05-14,14.5,5,134,5,10.0,11.6,12.0,11.285714285714286,11.992857142857144
1983-05-15,11.7,5,135,6,14.5,13.0,12.5,11.700000000000001,12.171428571428573
1983-05-16,6.7,5,136,0,11.7,11.2,13.5,11.514285714285714,12.114285714285714
1983-05-17,4.6,5,137,1,6.7,13.5,13.7,10.87142857142857,11.62857142857143
1983-05-18,4.9,5,138,2,4.6,12.9,13.5,9.6,10.978571428571428
1983-05-19,7.4,5,139,3,4.9,6.8,10.7,8.457142857142857,10.364285714285714
1983-05-20,8.3,5,140,4,7.4,10.0,13.0,8.542857142857143,10.128571428571428
1983-05-21,7.5,5,141,5,8.3,14.5,11.6,8.299999999999999,9.792857142857143
1983-05-22,6.2,5,142,6,7.5,11.7,13.0,7.299999999999999,9.5
1983-05-23,7.8,5,143,0,6.2,6.7,11.2,6.514285714285714,9.014285714285714
1983-05-24,13.2,5,144,1,7.8,4.6,13.5,6.671428571428572,8.77142857142857
1983-05-25,11.9,5,145,2,13.2,4.9,12.9,7.9,8.75
1983-05-26,6.5,5,146,3,11.9,7.4,6.8,8.9,8.678571428571429
1983-05-27,8.3,5,147,4,6.5,8.3,10.0,8.77142857142857,8.657142857142857
1983-05-28,12.1,5,148,5,8.3,7.5,14.5,8.77142857142857,8.535714285714286
1983-05-29,9.3,5,149,6,12.1,6.2,11.7,9.428571428571429,8.364285714285714
1983-05-30,7.5,5,150,0,9.3,7.8,6.7,9.87142857142857,8.192857142857145
1983-05-31,9.3,5,151,1,7.5,13.2,4.6,9.828571428571431,8.25
1983-06-01,11.0,6,152,2,9.3,11.9,4.9,9.271428571428572,8.585714285714285
1983-06-02,10.8,6,153,3,11.0,6.5,7.4,9.142857142857142,9.021428571428572
1983-06-03,5.3,6,154,4,10.8,8.3,8.3,9.757142857142858,9.264285714285714
1983-06-04,7.6,6,155,5,5.3,12.1,7.5,9.328571428571427,9.05
1983-06-05,5.6,6,156,6,7.6,9.3,6.2,8.685714285714287,9.057142857142859
1983-06-06,7.2,6,157,0,5.6,7.5,7.8,8.157142857142857,9.014285714285714
1983-06-07,9.6,6,158,1,7.2,9.3,13.2,8.114285714285714,8.971428571428572
1983-06-08,7.0,6,159,2,9.6,11.0,11.9,8.157142857142857,8.714285714285714
1983-06-09,8.3,6,160,3,7.0,10.8,6.5,7.5857142857142845,8.364285714285714
1983-06-10,7.8,6,161,4,8.3,5.3,8.3,7.228571428571429,8.492857142857142
1983-06-11,4.7,6,162,5,7.8,7.6,12.1,7.585714285714286,8.457142857142857
1983-06-12,6.8,6,163,6,4.7,5.6,9.3,7.171428571428572,7.928571428571429
1983-06-13,7.2,6,164,0,6.8,7.2,7.5,7.3428571428571425,7.75
1983-06-14,8.3,6,165,1,7.2,9.6,9.3,7.342857142857143,7.728571428571428
1983-06-15,9.5,6,166,2,8.3,7.0,11.0,7.1571428571428575,7.6571428571428575
1983-06-16,4.7,6,167,3,9.5,8.3,10.8,7.514285714285714,7.55
1983-06-17,3.0,6,168,4,4.7,7.8,5.3,7.0,7.114285714285714
1983-06-18,1.5,6,169,5,3.0,4.7,7.6,6.314285714285715,6.95
1983-06-19,2.5,6,170,6,1.5,6.8,5.6,5.857142857142857,6.514285714285713
1983-06-20,6.2,6,171,0,2.5,7.2,7.2,5.242857142857143,6.292857142857143
1983-06-21,11.6,6,172,1,6.2,8.3,9.6,5.1000000000000005,6.221428571428571
1983-06-22,6.6,6,173,2,11.6,9.5,7.0,5.571428571428571,6.364285714285715
1983-06-23,6.6,6,174,3,6.6,4.7,8.3,5.1571428571428575,6.335714285714286
1983-06-24,8.0,6,175,4,6.6,3.0,7.8,5.428571428571429,6.214285714285714
1983-06-25,7.9,6,176,5,8.0,1.5,4.7,6.142857142857143,6.228571428571428
1983-06-26,3.3,6,177,6,7.9,2.5,6.8,7.057142857142857,6.457142857142857
1983-06-27,3.9,6,178,0,3.3,6.2,7.2,7.171428571428571,6.207142857142856
1983-06-28,6.0,6,179,1,3.9,11.6,8.3,6.842857142857143,5.971428571428572
1983-06-29,4.0,6,180,2,6.0,6.6,9.5,6.042857142857143,5.807142857142857
1983-06-30,5.5,6,181,3,4.0,6.6,4.7,5.671428571428572,5.414285714285714
1983-07-01,8.5,7,182,4,5.5,8.0,3.0,5.514285714285713,5.471428571428572
1983-07-02,9.8,7,183,5,8.5,7.9,1.5,5.5857142857142845,5.864285714285715
1983-07-03,9.5,7,184,6,9.8,3.3,2.5,5.857142857142857,6.457142857142857
1983-07-04,7.2,7,185,0,9.5,3.9,6.2,6.742857142857143,6.957142857142857
1983-07-05,8.1,7,186,1,7.2,6.0,11.6,7.214285714285714,7.028571428571429
1983-07-06,8.0,7,187,2,8.1,4.0,6.6,7.514285714285713,6.778571428571428
1983-07-07,8.5,7,188,3,8.0,5.5,6.6,8.085714285714285,6.878571428571428
1983-07-08,8.8,7,189,4,8.5,8.5,8.0,8.514285714285714,7.014285714285714
1983-07-09,8.3,7,190,5,8.8,9.8,7.9,8.557142857142857,7.071428571428571
1983-07-10,2.4,7,191,6,8.3,9.5,3.3,8.342857142857143,7.1000000000000005
1983-07-11,4.9,7,192,0,2.4,7.2,3.9,7.328571428571429,7.035714285714286
1983-07-12,5.9,7,193,1,4.9,8.1,6.0,7.0,7.107142857142857
1983-07-13,6.7,7,194,2,5.9,8.0,4.0,6.685714285714286,7.1000000000000005
1983-07-14,8.4,7,195,3,6.7,8.5,5.5,6.5,7.292857142857143
1983-07-15,6.5,7,196,4,8.4,8.8,8.5,6.485714285714286,7.5
1983-07-16,7.9,7,197,5,6.5,8.3,9.8,6.1571428571428575,7.357142857142857
1983-07-17,4.1,7,198,6,7.9,2.4,9.5,6.1,7.221428571428572
1983-07-18,5.4,7,199,0,4.1,4.9,7.2,6.3428571428571425,6.835714285714286
1983-07-19,7.5,7,200,1,5.4,5.9,8.1,6.414285714285714,6.707142857142857
1983-07-20,3.9,7,201,2,7.5,6.7,8.0,6.642857142857143,6.6642857142857155
1983-07-21,2.5,7,202,3,3.9,8.4,8.5,6.242857142857142,6.371428571428572
1983-07-22,5.3,7,203,4,2.5,6.5,8.8,5.3999999999999995,5.942857142857143
1983-07-23,6.6,7,204,5,5.3,7.9,8.3,5.228571428571429,5.692857142857143
1983-07-24,0.0,7,205,6,6.6,4.1,2.4,5.042857142857143,5.571428571428571
1983-07-25,0.7,7,206,0,0.0,5.4,4.9,4.457142857142857,5.4
1983-07-26,7.6,7,207,1,0.7,7.5,5.9,3.785714285714285,5.1000000000000005
1983-07-27,12.3,7,208,2,7.6,3.9,6.7,3.8000000000000003,5.221428571428571
1983-07-28,9.2,7,209,3,12.3,2.5,8.4,5.0,5.621428571428572
1983-07-29,9.6,7,210,4,9.2,5.3,6.5,5.957142857142857,5.678571428571429
1983-07-30,9.5,7,211,5,9.6,6.6,7.9,6.571428571428571,5.8999999999999995
1983-07-31,10.0,7,212,6,9.5,0.0,4.1,6.985714285714286,6.014285714285713
1983-08-01,7.7,8,213,0,10.0,0.7,5.4,8.414285714285715,6.435714285714285
1983-08-02,8.0,8,214,1,7.7,7.6,7.5,9.414285714285713,6.6
1983-08-03,8.3,8,215,2,8.0,12.3,3.9,9.471428571428573,6.635714285714285
1983-08-04,8.3,8,216,3,8.3,9.2,2.5,8.9,6.950000000000001
1983-08-05,4.5,8,217,4,8.3,9.6,5.3,8.77142857142857,7.364285714285715
1983-08-06,6.5,8,218,5,4.5,9.5,6.6,8.042857142857143,7.307142857142858
1983-08-07,9.4,8,219,6,6.5,10.0,0.0,7.614285714285715,7.3
1983-08-08,9.4,8,220,0,9.4,7.7,0.7,7.528571428571429,7.971428571428571
1983-08-09,10.5,8,221,1,9.4,8.0,7.6,7.771428571428572,8.592857142857143
1983-08-10,10.7,8,222,2,10.5,8.3,12.3,8.12857142857143,8.8
1983-08-11,9.9,8,223,3,10.7,8.3,9.2,8.471428571428572,8.685714285714287
1983-08-12,7.6,8,224,4,9.9,4.5,9.6,8.7,8.735714285714286
1983-08-13,5.8,8,225,5,7.6,6.5,9.5,9.142857142857142,8.592857142857143
1983-08-14,8.5,8,226,6,5.8,9.4,10.0,9.042857142857143,8.32857142857143
1983-08-15,13.8,8,227,0,8.5,9.4,7.7,8.914285714285715,8.221428571428572
1983-08-16,14.3,8,228,1,13.8,10.5,8.0,9.542857142857143,8.657142857142857
1983-08-17,8.3,8,229,2,14.3,10.7,8.3,10.085714285714285,9.107142857142858
1983-08-18,5.3,8,230,3,8.3,9.9,8.3,9.742857142857144,9.107142857142858
1983-08-19,3.0,8,231,4,5.3,7.6,4.5,9.085714285714285,8.892857142857142
1983-08-20,5.2,8,232,5,3.0,5.8,6.5,8.428571428571429,8.785714285714286
1983-08-21,10.3,8,233,6,5.2,8.5,9.4,8.342857142857143,8.692857142857143
1983-08-22,11.1,8,234,0,10.3,13.8,9.4,8.6,8.757142857142858
1983-08-23,10.5,8,235,1,11.1,14.3,10.5,8.214285714285714,8.878571428571428
1983-08-24,9.0,8,236,2,10.5,8.3,10.7,7.671428571428572,8.878571428571428
1983-08-25,13.0,8,237,3,9.0,5.3,9.9,7.771428571428571,8.757142857142856
1983-08-26,6.4,8,238,4,13.0,3.0,7.6,8.871428571428572,8.97857142857143
1983-08-27,8.4,8,239,5,6.4,5.2,5.8,9.357142857142858,8.892857142857142
1983-08-28,6.7,8,240,6,8.4,10.3,8.5,9.814285714285715,9.07857142857143
1983-08-29,8.3,8,241,0,6.7,11.1,13.8,9.3,8.95
1983-08-30,11.2,8,242,1,8.3,10.5,14.3,8.9,8.557142857142859
1983-08-31,10.0,8,243,2,11.2,9.0,8.3,9.0,8.335714285714285
1983-09-01,10.1,9,244,3,10.0,13.0,5.3,9.142857142857142,8.457142857142857
1983-09-02,10.6,9,245,4,10.1,6.4,3.0,8.72857142857143,8.8
1983-09-03,10.9,9,246,5,10.6,8.4,5.2,9.328571428571431,9.342857142857143
1983-09-04,5.7,9,247,6,10.9,6.7,10.3,9.685714285714285,9.75
1983-09-05,9.5,9,248,0,5.7,8.3,11.1,9.542857142857143,9.421428571428573
1983-09-06,10.4,9,249,1,9.5,11.2,10.5,9.714285714285714,9.307142857142859
1983-09-07,11.1,9,250,2,10.4,10.0,9.0,9.6,9.3
1983-09-08,12.2,9,251,3,11.1,10.1,13.0,9.757142857142856,9.450000000000001
1983-09-09,10.6,9,252,4,12.2,10.6,6.4,10.057142857142859,9.392857142857142
1983-09-10,8.8,9,253,5,10.6,10.9,8.4,10.057142857142859,9.692857142857141
1983-09-11,9.2,9,254,6,8.8,5.7,6.7,9.757142857142856,9.721428571428572
1983-09-12,5.5,9,255,0,9.2,9.5,8.3,10.257142857142856,9.9
1983-09-13,7.1,9,256,1,5.5,10.4,11.2,9.685714285714285,9.7
1983-09-14,6.5,9,257,2,7.1,11.1,10.0,9.214285714285714,9.407142857142858
1983-09-15,4.3,9,258,3,6.5,12.2,10.1,8.557142857142857,9.157142857142858
1983-09-16,5.0,9,259,4,4.3,10.6,10.6,7.428571428571429,8.742857142857142
1983-09-17,11.2,9,260,5,5.0,8.8,10.9,6.628571428571428,8.342857142857143
1983-09-18,7.5,9,261,6,11.2,9.2,5.7,6.971428571428571,8.364285714285714
1983-09-19,12.0,9,262,0,7.5,5.5,9.5,6.728571428571429,8.492857142857142
1983-09-20,13.6,9,263,1,12.0,7.1,10.4,7.6571428571428575,8.67142857142857
1983-09-21,8.3,9,264,2,13.6,6.5,11.1,8.585714285714285,8.9
1983-09-22,8.5,9,265,3,8.3,4.3,12.2,8.842857142857143,8.7
1983-09-23,12.9,9,266,4,8.5,5.0,10.6,9.442857142857145,8.435714285714285
1983-09-24,7.7,9,267,5,12.9,11.2,8.8,10.571428571428571,8.6
1983-09-25,7.6,9,268,6,7.7,7.5,9.2,10.071428571428571,8.52142857142857
1983-09-26,3.5,9,269,0,7.6,12.0,5.5,10.085714285714285,8.407142857142857
1983-09-27,10.4,9,270,1,3.5,13.6,7.1,8.871428571428572,8.264285714285714
1983-09-28,15.4,9,271,2,10.4,8.3,6.5,8.414285714285715,8.5
1983-09-29,10.6,9,272,3,15.4,8.5,4.3,9.428571428571429,9.135714285714286
1983-09-30,9.6,9,273,4,10.6,12.9,5.0,9.728571428571428,9.585714285714287
1983-10-01,9.3,10,274,5,9.6,7.7,11.2,9.257142857142856,9.914285714285715
1983-10-02,13.9,10,275,6,9.3,7.6,7.5,9.485714285714286,9.778571428571428
1983-10-03,7.7,10,276,0,13.9,3.5,12.0,10.385714285714286,10.235714285714286
1983-10-04,9.5,10,277,1,7.7,10.4,13.6,10.985714285714286,9.928571428571429
1983-10-05,7.6,10,278,2,9.5,15.4,8.3,10.857142857142858,9.635714285714286
1983-10-06,6.9,10,279,3,7.6,10.6,8.5,9.742857142857144,9.585714285714285
1983-10-07,6.8,10,280,4,6.9,9.6,12.9,9.214285714285714,9.471428571428572
1983-10-08,5.8,10,281,5,6.8,9.3,7.7,8.814285714285713,9.035714285714285
1983-10-09,6.0,10,282,6,5.8,13.9,7.6,8.314285714285715,8.9
1983-10-10,8.3,10,283,0,6.0,7.7,3.5,7.185714285714285,8.785714285714286
1983-10-11,9.1,10,284,1,8.3,9.5,10.4,7.271428571428571,9.128571428571428
1983-10-12,12.5,10,285,2,9.1,7.6,15.4,7.214285714285714,9.035714285714286
1983-10-13,13.2,10,286,3,12.5,6.9,10.6,7.914285714285714,8.828571428571427
1983-10-14,16.2,10,287,4,13.2,6.8,9.6,8.814285714285715,9.014285714285714
1983-10-15,12.5,10,288,5,16.2,5.8,9.3,10.157142857142857,9.485714285714284
1983-10-16,11.8,10,289,6,12.5,6.0,13.9,11.114285714285716,9.714285714285714
1983-10-17,10.6,10,290,0,11.8,8.3,7.7,11.942857142857145,9.564285714285713
1983-10-18,10.0,10,291,1,10.6,9.1,9.5,12.27142857142857,9.771428571428572
1983-10-19,12.2,10,292,2,10.0,12.5,7.6,12.4,9.807142857142859
1983-10-20,8.9,10,293,3,12.2,13.2,6.9,12.357142857142858,10.135714285714286
1983-10-21,10.3,10,294,4,8.9,16.2,6.8,11.742857142857142,10.278571428571428
1983-10-22,7.5,10,295,5,10.3,12.5,5.8,10.900000000000002,10.528571428571427
1983-10-23,11.6,10,296,6,7.5,11.8,6.0,10.185714285714285,10.650000000000002
1983-10-24,12.6,10,297,0,11.6,10.6,8.3,10.157142857142858,11.05
1983-10-25,12.9,10,298,1,12.6,10.0,9.1,10.442857142857141,11.357142857142858
1983-10-26,11.7,10,299,2,12.9,12.2,12.5,10.857142857142858,11.62857142857143
1983-10-27,14.0,10,300,3,11.7,8.9,13.2,10.785714285714286,11.571428571428571
1983-10-28,12.3,10,301,4,14.0,10.3,16.2,11.514285714285714,11.62857142857143
1983-10-29,9.0,10,302,5,12.3,7.5,12.5,11.799999999999999,11.35
1983-10-30,9.2,10,303,6,9.0,11.6,11.8,12.014285714285714,11.1
1983-10-31,9.8,10,304,0,9.2,12.6,10.6,11.671428571428573,10.914285714285715
1983-11-01,11.8,11,305,1,9.8,12.9,10.0,11.27142857142857,10.857142857142858
1983-11-02,10.6,11,306,2,11.8,11.7,12.2,11.114285714285714,10.985714285714284
1983-11-03,12.6,11,307,3,10.6,14.0,8.9,10.957142857142857,10.87142857142857
1983-11-04,11.0,11,308,4,12.6,12.3,10.3,10.757142857142856,11.135714285714286
1983-11-05,8.2,11,309,5,11.0,9.0,7.5,10.571428571428571,11.185714285714287
1983-11-06,7.5,11,310,6,8.2,9.2,11.6,10.457142857142857,11.235714285714286
1983-11-07,13.6,11,311,0,7.5,9.8,12.6,10.214285714285714,10.942857142857141
1983-11-08,14.8,11,312,1,13.6,11.8,12.9,10.757142857142856,11.014285714285714
1983-11-09,10.9,11,313,2,14.8,10.6,11.7,11.185714285714285,11.15
1983-11-10,7.7,11,314,3,10.9,12.6,14.0,11.22857142857143,11.092857142857143
1983-11-11,10.2,11,315,4,7.7,11.0,12.3,10.528571428571427,10.642857142857142
1983-11-12,10.8,11,316,5,10.2,8.2,9.0,10.414285714285715,10.492857142857142
1983-11-13,10.8,11,317,6,10.8,7.5,9.2,10.785714285714286,10.62142857142857
1983-11-14,12.5,11,318,0,10.8,13.6,9.8,11.257142857142856,10.735714285714286
1983-11-15,13.2,11,319,1,12.5,14.8,11.8,11.1,10.928571428571429
1983-11-16,8.7,11,320,2,13.2,10.9,10.6,10.87142857142857,11.028571428571428
1983-11-17,5.7,11,321,3,8.7,7.7,12.6,10.557142857142855,10.892857142857142
1983-11-18,9.8,11,322,4,5.7,10.2,11.0,10.271428571428572,10.4
1983-11-19,7.3,11,323,5,9.8,10.8,8.2,10.214285714285714,10.314285714285713
1983-11-20,10.8,11,324,6,7.3,10.8,7.5,9.714285714285714,10.25
1983-11-21,10.0,11,325,0,10.8,12.5,13.6,9.714285714285714,10.485714285714286
1983-11-22,16.2,11,326,1,10.0,13.2,14.8,9.357142857142858,10.22857142857143
1983-11-23,15.0,11,327,2,16.2,8.7,10.9,9.785714285714286,10.328571428571427
1983-11-24,14.5,11,328,3,15.0,5.7,7.7,10.685714285714285,10.62142857142857
1983-11-25,15.9,11,329,4,14.5,9.8,10.2,11.942857142857141,11.107142857142858
1983-11-26,14.9,11,330,5,15.9,7.3,10.8,12.814285714285715,11.514285714285716
1983-11-27,14.2,11,331,6,14.9,10.8,10.8,13.9,11.807142857142859
1983-11-28,15.8,11,332,0,14.2,10.0,12.5,14.385714285714286,12.049999999999999
1983-11-29,17.2,11,333,1,15.8,16.2,13.2,15.214285714285714,12.285714285714286
1983-11-30,17.6,11,334,2,17.2,15.0,8.7,15.357142857142858,12.571428571428571
1983-12-01,12.1,12,335,3,17.6,14.5,5.7,15.728571428571428,13.207142857142857
1983-12-02,11.4,12,336,4,12.1,15.9,9.8,15.385714285714286,13.664285714285715
1983-12-03,13.0,12,337,5,11.4,14.9,7.3,14.742857142857142,13.778571428571427
1983-12-04,13.2,12,338,6,13.0,14.2,10.8,14.471428571428573,14.185714285714285
1983-12-05,12.0,12,339,0,13.2,15.8,10.0,14.328571428571427,14.357142857142858
1983-12-06,15.3,12,340,1,12.0,17.2,16.2,13.785714285714286,14.5
1983-12-07,12.7,12,341,2,15.3,17.6,15.0,13.514285714285714,14.435714285714285
1983-12-08,12.1,12,342,3,12.7,12.1,14.5,12.814285714285715,14.271428571428572
1983-12-09,13.8,12,343,4,12.1,11.4,15.9,12.814285714285715,14.1
1983-12-10,10.9,12,344,5,13.8,13.0,14.9,13.157142857142858,13.950000000000001
1983-12-11,12.0,12,345,6,10.9,13.2,14.2,12.857142857142858,13.664285714285713
1983-12-12,16.5,12,346,0,12.0,12.0,15.8,12.685714285714287,13.507142857142856
1983-12-13,15.0,12,347,1,16.5,15.3,17.2,13.328571428571431,13.557142857142855
1983-12-14,11.2,12,348,2,15.0,12.7,17.6,13.285714285714286,13.4
1983-12-15,13.9,12,349,3,11.2,12.1,12.1,13.071428571428571,12.942857142857145
1983-12-16,15.0,12,350,4,13.9,13.8,11.4,13.328571428571427,13.071428571428571
1983-12-17,14.8,12,351,5,15.0,10.9,13.0,13.5,13.328571428571431
1983-12-18,15.0,12,352,6,14.8,12.0,13.2,14.057142857142855,13.457142857142857
1983-12-19,13.3,12,353,0,15.0,16.5,12.0,14.485714285714286,13.585714285714285
1983-12-20,20.4,12,354,1,13.3,15.0,15.3,14.028571428571428,13.678571428571429
1983-12-21,18.0,12,355,2,20.4,11.2,12.7,14.799999999999999,14.042857142857144
1983-12-22,12.2,12,356,3,18.0,13.9,12.1,15.771428571428572,14.421428571428569
1983-12-23,16.7,12,357,4,12.2,15.0,13.8,15.528571428571428,14.428571428571429
1983-12-24,13.8,12,358,5,16.7,14.8,10.9,15.771428571428572,14.635714285714284
1983-12-25,17.5,12,359,6,13.8,15.0,12.0,15.62857142857143,14.842857142857143
1983-12-26,15.0,12,360,0,17.5,13.3,16.5,15.985714285714286,15.235714285714286
1983-12-27,13.9,12,361,1,15.0,20.4,15.0,16.22857142857143,15.12857142857143
1983-12-28,11.1,12,362,2,13.9,18.0,11.2,15.299999999999999,15.05
1983-12-29,16.1,12,363,3,11.1,12.2,13.9,14.314285714285715,15.042857142857143
1983-12-30,20.4,12,364,4,16.1,16.7,15.0,14.87142857142857,15.2
1983-12-31,18.0,12,365,5,20.4,13.8,14.8,15.400000000000002,15.585714285714285
1984-01-01,19.5,1,1,6,18.0,17.5,15.0,16.0,15.814285714285715
1984-01-02,17.1,1,2,0,19.5,15.0,13.3,16.285714285714285,16.135714285714286
1984-01-03,17.1,1,3,1,17.1,13.9,20.4,16.585714285714285,16.407142857142855
1984-01-04,12.0,1,4,2,17.1,11.1,18.0,17.042857142857144,16.17142857142857
1984-01-05,11.0,1,5,3,12.0,16.1,12.2,17.17142857142857,15.742857142857142
1984-01-06,16.3,1,6,4,11.0,20.4,16.7,16.442857142857143,15.657142857142857
1984-01-07,16.1,1,7,5,16.3,18.0,13.8,15.857142857142858,15.62857142857143
1984-01-08,13.0,1,8,6,16.1,19.5,17.5,15.585714285714285,15.792857142857143
1984-01-09,13.4,1,9,0,13.0,17.1,15.0,14.657142857142857,15.471428571428572
1984-01-10,15.2,1,10,1,13.4,17.1,13.9,14.12857142857143,15.357142857142858
1984-01-11,12.5,1,11,2,15.2,12.0,11.1,13.857142857142858,15.45
1984-01-12,14.3,1,12,3,12.5,11.0,16.1,13.928571428571429,15.549999999999999
1984-01-13,16.5,1,13,4,14.3,16.3,20.4,14.4,15.421428571428573
1984-01-14,18.6,1,14,5,16.5,16.1,18.0,14.428571428571429,15.142857142857142
1984-01-15,18.0,1,15,6,18.6,13.0,19.5,14.785714285714286,15.185714285714285
1984-01-16,18.2,1,16,0,18.0,13.4,17.1,15.5,15.078571428571427
1984-01-17,11.4,1,17,1,18.2,15.2,17.1,16.185714285714287,15.157142857142858
1984-01-18,11.9,1,18,2,11.4,12.5,12.0,15.642857142857142,14.75
1984-01-19,12.2,1,19,3,11.9,14.3,11.0,15.557142857142859,14.742857142857144
1984-01-20,14.8,1,20,4,12.2,16.5,16.3,15.257142857142856,14.828571428571431
1984-01-21,13.1,1,21,5,14.8,18.6,16.1,15.014285714285714,14.721428571428572
1984-01-22,12.7,1,22,6,13.1,18.0,13.0,14.22857142857143,14.507142857142856
1984-01-23,10.5,1,23,0,12.7,18.2,13.4,13.471428571428572,14.485714285714286
1984-01-24,13.8,1,24,1,10.5,11.4,15.2,12.371428571428572,14.278571428571428
1984-01-25,18.8,1,25,2,13.8,11.9,12.5,12.714285714285714,14.178571428571429
1984-01-26,13.9,1,26,3,18.8,12.2,14.3,13.7,14.62857142857143
1984-01-27,11.2,1,27,4,13.9,14.8,16.5,13.942857142857145,14.6
1984-01-28,10.6,1,28,5,11.2,13.1,18.6,13.428571428571429,14.221428571428572
1984-01-29,14.7,1,29,6,10.6,12.7,18.0,13.071428571428571,13.65
1984-01-30,13.1,1,30,0,14.7,10.5,18.2,13.357142857142858,13.414285714285715
1984-01-31,12.1,1,31,1,13.1,13.8,11.4,13.728571428571428,13.049999999999999
1984-02-01,14.7,2,32,2,12.1,18.8,11.9,13.485714285714284,13.1
1984-02-02,11.1,2,33,3,14.7,13.9,12.2,12.9,13.299999999999999
1984-02-03,13.0,2,34,4,11.1,11.2,14.8,12.499999999999998,13.221428571428572
1984-02-04,15.6,2,35,5,13.0,10.6,13.1,12.757142857142856,13.092857142857143
1984-02-05,14.2,2,36,6,15.6,14.7,12.7,13.471428571428572,13.271428571428572
1984-02-06,15.5,2,37,0,14.2,13.1,10.5,13.399999999999997,13.378571428571428
1984-02-07,18.0,2,38,1,15.5,12.1,13.8,13.742857142857142,13.735714285714284
1984-02-08,15.0,2,39,2,18.0,14.7,18.8,14.585714285714285,14.035714285714286
1984-02-09,15.9,2,40,3,15.0,11.1,13.9,14.62857142857143,13.764285714285714
1984-02-10,15.5,2,41,4,15.9,13.0,11.2,15.314285714285715,13.907142857142857
1984-02-11,15.8,2,42,5,15.5,15.6,10.6,15.671428571428573,14.214285714285714
1984-02-12,16.6,2,43,6,15.8,14.2,14.7,15.7,14.585714285714287
1984-02-13,13.6,2,44,0,16.6,15.5,13.1,16.04285714285714,14.721428571428572
1984-02-14,13.8,2,45,1,13.6,18.0,12.1,15.771428571428572,14.757142857142856
1984-02-15,14.6,2,46,2,13.8,15.0,14.7,15.171428571428574,14.87857142857143
1984-02-16,15.6,2,47,3,14.6,15.9,11.1,15.114285714285716,14.871428571428572
1984-02-17,16.6,2,48,4,15.6,15.5,13.0,15.071428571428571,15.192857142857141
1984-02-18,14.3,2,49,5,16.6,15.8,15.6,15.22857142857143,15.450000000000001
1984-02-19,16.3,2,50,6,14.3,16.6,14.2,15.014285714285716,15.357142857142858
1984-02-20,18.9,2,51,0,16.3,13.6,15.5,14.971428571428573,15.507142857142858
1984-02-21,18.7,2,52,1,18.9,13.8,18.0,15.72857142857143,15.75
1984-02-22,14.5,2,53,2,18.7,14.6,15.0,16.428571428571427,15.8
1984-02-23,16.5,2,54,3,14.5,15.6,15.9,16.414285714285715,15.764285714285716
1984-02-24,14.1,2,55,4,16.5,16.6,15.5,16.542857142857144,15.807142857142859
1984-02-25,13.5,2,56,5,14.1,14.3,15.8,16.185714285714287,15.707142857142857
1984-02-26,11.7,2,57,6,13.5,16.3,16.6,16.071428571428573,15.542857142857143
1984-02-27,15.1,2,58,0,11.7,18.9,13.6,15.414285714285713,15.192857142857141
1984-02-28,11.2,2,59,1,15.1,18.7,13.8,14.87142857142857,15.3
1984-02-29,13.5,2,60,2,11.2,14.5,14.6,13.799999999999999,15.114285714285714
1984-03-01,12.6,3,61,3,13.5,16.5,15.6,13.657142857142857,15.035714285714286
1984-03-02,8.8,3,62,4,12.6,14.1,16.6,13.099999999999998,14.821428571428571
1984-03-03,10.5,3,63,5,8.8,13.5,14.3,12.342857142857143,14.264285714285714
1984-03-04,12.1,3,64,6,10.5,11.7,16.3,11.914285714285715,13.992857142857144
1984-03-05,14.5,3,65,0,12.1,15.1,18.9,11.971428571428572,13.692857142857141
1984-03-06,19.5,3,66,1,14.5,11.2,18.7,11.885714285714286,13.37857142857143
1984-03-07,14.0,3,67,2,19.5,13.5,14.5,13.071428571428571,13.435714285714285
1984-03-08,13.8,3,68,3,14.0,12.6,16.5,13.142857142857142,13.4
1984-03-09,10.5,3,69,4,13.8,8.8,14.1,13.314285714285715,13.207142857142857
1984-03-10,13.8,3,70,5,10.5,10.5,13.5,13.557142857142855,12.950000000000001
1984-03-11,11.4,3,71,6,13.8,12.1,11.7,14.028571428571427,12.971428571428572
1984-03-12,15.6,3,72,0,11.4,14.5,15.1,13.928571428571429,12.950000000000001
1984-03-13,11.1,3,73,1,15.6,19.5,11.2,14.085714285714285,12.985714285714284
1984-03-14,12.1,3,74,2,11.1,14.0,13.5,12.885714285714286,12.978571428571428
1984-03-15,14.2,3,75,3,12.1,13.8,12.6,12.614285714285714,12.87857142857143
1984-03-16,10.9,3,76,4,14.2,10.5,8.8,12.671428571428573,12.992857142857144
1984-03-17,14.2,3,77,5,10.9,13.8,10.5,12.72857142857143,13.142857142857142
1984-03-18,13.8,3,78,6,14.2,11.4,12.1,12.785714285714286,13.407142857142857
1984-03-19,15.1,3,79,0,13.8,15.6,14.5,13.12857142857143,13.528571428571428
1984-03-20,14.0,3,80,1,15.1,11.1,19.5,13.057142857142859,13.571428571428571
1984-03-21,12.1,3,81,2,14.0,12.1,14.0,13.471428571428572,13.178571428571429
1984-03-22,13.8,3,82,3,12.1,14.2,13.8,13.471428571428572,13.042857142857143
1984-03-23,16.6,3,83,4,13.8,10.9,10.5,13.414285714285715,13.042857142857143
1984-03-24,17.8,3,84,5,16.6,14.2,13.8,14.228571428571428,13.478571428571428
1984-03-25,9.4,3,85,6,17.8,13.8,11.4,14.742857142857144,13.764285714285716
1984-03-26,10.2,3,86,0,9.4,15.1,15.6,14.114285714285714,13.62142857142857
1984-03-27,7.4,3,87,1,10.2,14.0,11.1,13.414285714285715,13.235714285714286
1984-03-28,8.7,3,88,2,7.4,12.1,12.1,12.471428571428572,12.971428571428573
1984-03-29,14.0,3,89,3,8.7,13.8,14.2,11.985714285714286,12.728571428571428
1984-03-30,15.3,3,90,4,14.0,16.6,10.9,12.014285714285714,12.714285714285714
1984-03-31,11.1,3,91,5,15.3,17.8,14.2,11.828571428571427,13.028571428571428
1984-04-01,9.7,4,92,6,11.1,9.4,13.8,10.871428571428572,12.807142857142859
1984-04-02,10.3,4,93,0,9.7,10.2,15.1,10.914285714285713,12.514285714285714
1984-04-03,9.2,4,94,1,10.3,7.4,14.0,10.928571428571429,12.171428571428573
1984-04-04,8.2,4,95,2,9.2,8.7,12.1,11.185714285714285,11.828571428571427
1984-04-05,9.7,4,96,3,8.2,14.0,13.8,11.114285714285714,11.55
1984-04-06,12.4,4,97,4,9.7,15.3,16.6,10.5,11.257142857142856
1984-04-07,12.5,4,98,5,12.4,11.1,17.8,10.085714285714285,10.957142857142857
1984-04-08,9.0,4,99,6,12.5,9.7,9.4,10.285714285714286,10.578571428571427
1984-04-09,9.7,4,100,0,9.0,10.3,10.2,10.185714285714285,10.55
1984-04-10,10.1,4,101,1,9.7,9.2,7.4,10.1,10.514285714285714
1984-04-11,11.2,4,102,2,10.1,8.2,8.7,10.228571428571428,10.707142857142856
1984-04-12,12.0,4,103,3,11.2,9.7,14.0,10.657142857142857,10.885714285714286
1984-04-13,11.1,4,104,4,12.0,12.4,15.3,10.985714285714284,10.742857142857144
1984-04-14,10.8,4,105,5,11.1,12.5,11.1,10.8,10.442857142857141
1984-04-15,12.8,4,106,6,10.8,9.0,9.7,10.557142857142859,10.421428571428569
1984-04-16,9.8,4,107,0,12.8,9.7,10.3,11.1,10.642857142857142
1984-04-17,13.7,4,108,1,9.8,10.1,9.2,11.114285714285714,10.607142857142858
1984-04-18,11.0,4,109,2,13.7,11.2,8.2,11.62857142857143,10.928571428571429
1984-04-19,13.2,4,110,3,11.0,12.0,9.7,11.6,11.128571428571428
1984-04-20,13.0,4,111,4,13.2,11.1,12.4,11.771428571428572,11.37857142857143
1984-04-21,10.2,4,112,5,13.0,10.8,12.5,12.042857142857144,11.421428571428569
1984-04-22,13.2,4,113,6,10.2,12.8,9.0,11.957142857142856,11.257142857142856
1984-04-23,9.3,4,114,0,13.2,9.8,9.7,12.014285714285714,11.557142857142855
1984-04-24,11.1,4,115,1,9.3,13.7,10.1,11.942857142857141,11.528571428571428
1984-04-25,10.3,4,116,2,11.1,11.0,11.2,11.571428571428571,11.6
1984-04-26,8.7,4,117,3,10.3,13.2,12.0,11.471428571428572,11.535714285714286
1984-04-27,11.7,4,118,4,8.7,13.0,11.1,10.828571428571427,11.299999999999999
1984-04-28,12.5,4,119,5,11.7,10.2,10.8,10.642857142857142,11.342857142857142
1984-04-29,6.5,4,120,6,12.5,13.2,12.8,10.971428571428572,11.464285714285714
1984-04-30,9.6,4,121,0,6.5,9.3,9.8,10.014285714285714,11.014285714285714
1984-05-01,13.8,5,122,1,9.6,11.1,13.7,10.057142857142859,11.0
1984-05-02,14.7,5,123,2,13.8,10.3,11.0,10.442857142857141,11.007142857142856
1984-05-03,9.1,5,124,3,14.7,8.7,13.2,11.071428571428571,11.271428571428572
1984-05-04,4.8,5,125,4,9.1,11.7,13.0,11.128571428571428,10.97857142857143
1984-05-05,3.3,5,126,5,4.8,12.5,10.2,10.142857142857142,10.39285714285714
1984-05-06,3.5,5,127,6,3.3,6.5,13.2,8.828571428571427,9.9
1984-05-07,5.7,5,128,0,3.5,9.6,9.3,8.4,9.207142857142857
1984-05-08,5.5,5,129,1,5.7,13.8,11.1,7.842857142857143,8.95
1984-05-09,7.0,5,130,2,5.5,14.7,10.3,6.6571428571428575,8.55
1984-05-10,9.5,5,131,3,7.0,9.1,8.7,5.557142857142857,8.314285714285715
1984-05-11,9.9,5,132,4,9.5,4.8,11.7,5.614285714285714,8.371428571428572
1984-05-12,4.9,5,133,5,9.9,3.3,12.5,6.3428571428571425,8.242857142857142
1984-05-13,6.3,5,134,6,4.9,3.5,6.5,6.571428571428571,7.7
1984-05-14,4.8,5,135,0,6.3,5.7,9.6,6.971428571428571,7.685714285714285
1984-05-15,6.2,5,136,1,4.8,5.5,13.8,6.8428571428571425,7.3428571428571425
1984-05-16,7.1,5,137,2,6.2,7.0,14.7,6.942857142857143,6.8
1984-05-17,7.5,5,138,3,7.1,9.5,9.1,6.957142857142857,6.257142857142858
1984-05-18,9.4,5,139,4,7.5,9.9,4.8,6.671428571428572,6.142857142857143
1984-05-19,8.7,5,140,5,9.4,4.9,3.3,6.6000000000000005,6.471428571428571
1984-05-20,9.5,5,141,6,8.7,6.3,3.5,7.142857142857143,6.857142857142857
1984-05-21,12.1,5,142,0,9.5,4.8,5.7,7.6000000000000005,7.285714285714286
1984-05-22,9.5,5,143,1,12.1,6.2,5.5,8.642857142857142,7.742857142857142
1984-05-23,9.3,5,144,2,9.5,7.1,7.0,9.114285714285714,8.028571428571428
1984-05-24,8.5,5,145,3,9.3,7.5,9.5,9.428571428571429,8.192857142857143
1984-05-25,8.0,5,146,4,8.5,9.4,9.9,9.571428571428571,8.121428571428572
1984-05-26,9.8,5,147,5,8.0,8.7,4.9,9.37142857142857,7.985714285714287
1984-05-27,6.2,5,148,6,9.8,9.5,6.3,9.528571428571428,8.335714285714285
1984-05-28,7.3,5,149,0,6.2,12.1,4.8,9.057142857142857,8.32857142857143
1984-05-29,10.9,5,150,1,7.3,9.5,6.2,8.371428571428572,8.507142857142858
1984-05-30,10.0,5,151,2,10.9,9.3,7.1,8.571428571428571,8.842857142857143
1984-05-31,8.7,5,152,3,10.0,8.5,7.5,8.671428571428573,9.049999999999999
1984-06-01,9.0,6,153,4,8.7,8.0,9.4,8.7,9.135714285714284
1984-06-02,10.8,6,154,5,9.0,9.8,8.7,8.842857142857143,9.107142857142858
1984-06-03,12.4,6,155,6,10.8,6.2,9.5,8.985714285714286,9.257142857142856
1984-06-04,7.2,6,156,0,12.4,7.3,12.1,9.87142857142857,9.464285714285714
1984-06-05,7.2,6,157,1,7.2,10.9,9.5,9.857142857142858,9.114285714285716
1984-06-06,11.1,6,158,2,7.2,10.0,9.3,9.328571428571427,8.950000000000001
1984-06-07,9.3,6,159,3,11.1,8.7,8.5,9.485714285714284,9.078571428571427
1984-06-08,10.1,6,160,4,9.3,9.0,8.0,9.571428571428571,9.135714285714284
1984-06-09,3.9,6,161,5,10.1,10.8,9.8,9.728571428571428,9.285714285714286
1984-06-10,5.0,6,162,6,3.9,12.4,6.2,8.742857142857144,8.864285714285714
1984-06-11,8.2,6,163,0,5.0,7.2,7.3,7.685714285714285,8.778571428571428
1984-06-12,2.8,6,164,1,8.2,7.2,10.9,7.828571428571429,8.842857142857143
1984-06-13,4.3,6,165,2,2.8,11.1,10.0,7.2,8.264285714285714
1984-06-14,8.1,6,166,3,4.3,9.3,8.7,6.228571428571428,7.857142857142857
1984-06-15,11.1,6,167,4,8.1,10.1,9.0,6.057142857142857,7.814285714285715
1984-06-16,4.7,6,168,5,11.1,3.9,10.8,6.2,7.964285714285714
1984-06-17,5.3,6,169,6,4.7,5.0,12.4,6.314285714285715,7.528571428571428
1984-06-18,10.0,6,170,0,5.3,8.2,7.2,6.357142857142857,7.021428571428571
1984-06-19,5.6,6,171,1,10.0,2.8,7.2,6.614285714285714,7.221428571428571
1984-06-20,2.2,6,172,2,5.6,4.3,11.1,7.014285714285714,7.107142857142857
1984-06-21,7.1,6,173,3,2.2,8.1,9.3,6.7142857142857135,6.471428571428571
1984-06-22,8.3,6,174,4,7.1,11.1,10.1,6.571428571428571,6.314285714285715
1984-06-23,8.6,6,175,5,8.3,4.7,3.9,6.171428571428572,6.185714285714285
1984-06-24,10.1,6,176,6,8.6,5.3,5.0,6.728571428571428,6.521428571428571
1984-06-25,8.3,6,177,0,10.1,10.0,8.2,7.414285714285714,6.885714285714286
1984-06-26,7.2,6,178,1,8.3,5.6,2.8,7.171428571428572,6.892857142857143
1984-06-27,7.7,6,179,2,7.2,2.2,4.3,7.3999999999999995,7.207142857142857
1984-06-28,7.8,6,180,3,7.7,7.1,8.1,8.185714285714287,7.45
1984-06-29,9.1,6,181,4,7.8,8.3,11.1,8.285714285714286,7.428571428571429
1984-06-30,9.4,6,182,5,9.1,8.6,4.7,8.4,7.285714285714286
1984-07-01,7.8,7,183,6,9.4,10.1,5.3,8.514285714285714,7.621428571428572
1984-07-02,2.6,7,184,0,7.8,8.3,10.0,8.185714285714287,7.8
1984-07-03,2.4,7,185,1,2.6,7.2,5.6,7.371428571428571,7.271428571428571
1984-07-04,3.9,7,186,2,2.4,7.7,2.2,6.685714285714286,7.042857142857143
1984-07-05,1.3,7,187,3,3.9,7.8,7.1,6.142857142857143,7.1642857142857155
1984-07-06,2.1,7,188,4,1.3,9.1,8.3,5.214285714285714,6.75
1984-07-07,7.4,7,189,5,2.1,9.4,8.6,4.214285714285714,6.307142857142857
1984-07-08,7.2,7,190,6,7.4,7.8,10.1,3.9285714285714284,6.221428571428572
1984-07-09,8.8,7,191,0,7.2,2.6,8.3,3.842857142857143,6.014285714285714
1984-07-10,8.9,7,192,1,8.8,2.4,7.2,4.728571428571429,6.05
1984-07-11,8.8,7,193,2,8.9,3.9,7.7,5.6571428571428575,6.171428571428572
1984-07-12,8.0,7,194,3,8.8,1.3,7.8,6.3571428571428585,6.25
1984-07-13,0.7,7,195,4,8.0,2.1,9.1,7.314285714285715,6.264285714285714
1984-07-14,0.1,7,196,5,0.7,7.4,9.4,7.114285714285715,5.6642857142857155
1984-07-15,0.9,7,197,6,0.1,7.2,7.8,6.071428571428571,5.0
1984-07-16,7.8,7,198,0,0.9,8.8,2.6,5.171428571428572,4.507142857142857
1984-07-17,7.2,7,199,1,7.8,8.9,2.4,5.028571428571429,4.878571428571428
1984-07-18,8.0,7,200,2,7.2,8.8,3.9,4.785714285714286,5.221428571428571
1984-07-19,4.6,7,201,3,8.0,8.0,1.3,4.671428571428572,5.514285714285714
1984-07-20,5.2,7,202,4,4.6,0.7,2.1,4.185714285714285,5.750000000000001
1984-07-21,5.8,7,203,5,5.2,0.1,7.4,4.828571428571428,5.971428571428571
1984-07-22,6.8,7,204,6,5.8,0.9,7.2,5.642857142857143,5.8571428571428585
1984-07-23,8.1,7,205,0,6.8,7.8,8.8,6.485714285714286,5.828571428571429
1984-07-24,7.5,7,206,1,8.1,7.2,8.9,6.528571428571429,5.778571428571429
1984-07-25,5.4,7,207,2,7.5,8.0,8.8,6.571428571428571,5.678571428571429
1984-07-26,4.6,7,208,3,5.4,4.6,8.0,6.2,5.435714285714286
1984-07-27,6.4,7,209,4,4.6,5.2,0.7,6.2,5.192857142857143
1984-07-28,9.7,7,210,5,6.4,5.8,0.1,6.371428571428572,5.6000000000000005
1984-07-29,7.0,7,211,6,9.7,6.8,0.9,6.928571428571429,6.285714285714286
1984-07-30,10.0,7,212,0,7.0,8.1,7.8,6.957142857142857,6.721428571428572
1984-07-31,10.6,7,213,1,10.0,7.5,7.2,7.228571428571429,6.878571428571429
1984-08-01,11.5,8,214,2,10.6,5.4,8.0,7.671428571428572,7.121428571428572
1984-08-02,10.2,8,215,3,11.5,4.6,4.6,8.542857142857143,7.371428571428572
1984-08-03,11.1,8,216,4,10.2,6.4,5.2,9.342857142857143,7.771428571428571
1984-08-04,11.0,8,217,5,11.1,9.7,5.8,10.014285714285714,8.192857142857143
1984-08-05,8.9,8,218,6,11.0,7.0,6.8,10.2,8.564285714285713
1984-08-06,9.9,8,219,0,8.9,10.0,8.1,10.471428571428572,8.714285714285714
1984-08-07,11.7,8,220,1,9.9,10.6,7.5,10.457142857142857,8.842857142857143
1984-08-08,11.6,8,221,2,11.7,11.5,5.4,10.614285714285714,9.142857142857142
1984-08-09,9.0,8,222,3,11.6,10.2,4.6,10.62857142857143,9.585714285714285
1984-08-10,6.3,8,223,4,9.0,11.1,6.4,10.457142857142857,9.9
1984-08-11,8.7,8,224,5,6.3,11.0,9.7,9.771428571428572,9.892857142857142
1984-08-12,8.5,8,225,6,8.7,8.9,7.0,9.442857142857145,9.821428571428571
1984-08-13,8.5,8,226,0,8.5,9.9,10.0,9.385714285714286,9.928571428571429
1984-08-14,8.0,8,227,1,8.5,11.7,10.6,9.185714285714285,9.821428571428571
1984-08-15,6.0,8,228,2,8.0,11.6,11.5,8.657142857142857,9.635714285714286
1984-08-16,8.0,8,229,3,6.0,9.0,10.2,7.857142857142857,9.242857142857144
1984-08-17,8.5,8,230,4,8.0,6.3,11.1,7.714285714285714,9.085714285714285
1984-08-18,7.7,8,231,5,8.5,8.7,11.0,8.028571428571428,8.9
1984-08-19,8.4,8,232,6,7.7,8.5,8.9,7.885714285714286,8.664285714285715
1984-08-20,9.0,8,233,0,8.4,8.5,9.9,7.871428571428573,8.628571428571428
1984-08-21,8.3,8,234,1,9.0,8.0,11.7,7.942857142857144,8.564285714285715
1984-08-22,6.8,8,235,2,8.3,6.0,11.6,7.985714285714287,8.321428571428571
1984-08-23,9.3,8,236,3,6.8,8.0,9.0,8.1,7.978571428571429
1984-08-24,6.7,8,237,4,9.3,8.5,6.3,8.285714285714286,8.0
1984-08-25,9.0,8,238,5,6.7,7.7,8.7,8.02857142857143,8.028571428571428
1984-08-26,7.3,8,239,6,9.0,8.4,8.5,8.214285714285714,8.05
1984-08-27,6.3,8,240,0,7.3,9.0,8.5,8.057142857142859,7.964285714285715
1984-08-28,7.9,8,241,1,6.3,8.3,8.0,7.671428571428572,7.807142857142857
1984-08-29,5.2,8,242,2,7.9,6.8,6.0,7.614285714285716,7.800000000000002
1984-08-30,9.0,8,243,3,5.2,9.3,8.0,7.385714285714286,7.742857142857143
1984-08-31,11.3,8,244,4,9.0,6.7,8.5,7.342857142857143,7.814285714285715
1984-09-01,9.2,9,245,5,11.3,9.0,7.7,8.0,8.014285714285716
1984-09-02,11.3,9,246,6,9.2,7.3,8.4,8.028571428571428,8.121428571428572
1984-09-03,7.0,9,247,0,11.3,6.3,9.0,8.6,8.328571428571427
1984-09-04,8.0,9,248,1,7.0,7.9,8.3,8.700000000000001,8.185714285714285
1984-09-05,4.6,9,249,2,8.0,5.2,6.8,8.714285714285714,8.164285714285715
1984-09-06,8.5,9,250,3,4.6,9.0,9.3,8.628571428571428,8.007142857142858
1984-09-07,9.5,9,251,4,8.5,11.3,6.7,8.557142857142859,7.95
1984-09-08,9.4,9,252,5,9.5,9.2,9.0,8.3,8.15
1984-09-09,10.5,9,253,6,9.4,11.3,7.3,8.328571428571431,8.178571428571429
1984-09-10,9.7,9,254,0,10.5,7.0,6.3,8.214285714285714,8.407142857142857
1984-09-11,4.9,9,255,1,9.7,8.0,7.9,8.6,8.65
1984-09-12,8.0,9,256,2,4.9,4.6,5.2,8.157142857142857,8.435714285714285
1984-09-13,5.8,9,257,3,8.0,8.5,9.0,8.642857142857142,8.635714285714286
1984-09-14,5.5,9,258,4,5.8,9.5,11.3,8.257142857142858,8.407142857142857
1984-09-15,10.9,9,259,5,5.5,9.4,9.2,7.685714285714286,7.992857142857143
1984-09-16,11.7,9,260,6,10.9,10.5,11.3,7.9,8.114285714285716
1984-09-17,9.2,9,261,0,11.7,9.7,7.0,8.071428571428571,8.142857142857142
1984-09-18,8.9,9,262,1,9.2,4.9,8.0,8.0,8.3
1984-09-19,11.3,9,263,2,8.9,8.0,4.6,8.571428571428571,8.364285714285714
1984-09-20,8.6,9,264,3,11.3,5.8,8.5,9.042857142857143,8.842857142857143
1984-09-21,6.2,9,265,4,8.6,5.5,9.5,9.442857142857145,8.85
1984-09-22,6.6,9,266,5,6.2,10.9,9.4,9.542857142857144,8.614285714285714
1984-09-23,9.1,9,267,6,6.6,11.7,10.5,8.928571428571429,8.414285714285715
1984-09-24,6.1,9,268,0,9.1,9.2,9.7,8.557142857142859,8.314285714285715
1984-09-25,7.5,9,269,1,6.1,8.9,4.9,8.114285714285714,8.057142857142857
1984-09-26,10.7,9,270,2,7.5,11.3,8.0,7.914285714285714,8.242857142857142
1984-09-27,6.3,9,271,3,10.7,8.6,5.8,7.828571428571429,8.435714285714285
1984-09-28,5.5,9,272,4,6.3,6.2,5.5,7.5,8.471428571428572
1984-09-29,6.7,9,273,5,5.5,6.6,10.9,7.3999999999999995,8.471428571428572
1984-09-30,4.2,9,274,6,6.7,9.1,11.7,7.4142857142857155,8.17142857142857
1984-10-01,11.3,10,275,0,4.2,6.1,9.2,6.714285714285714,7.635714285714285
1984-10-02,16.3,10,276,1,11.3,7.5,8.9,7.457142857142857,7.785714285714286
1984-10-03,10.5,10,277,2,16.3,10.7,11.3,8.714285714285714,8.314285714285715
1984-10-04,10.3,10,278,3,10.5,6.3,8.6,8.685714285714287,8.257142857142856
1984-10-05,7.9,10,279,4,10.3,5.5,6.2,9.257142857142858,8.37857142857143
1984-10-06,7.7,10,280,5,7.9,6.7,6.6,9.6,8.5
1984-10-07,16.0,10,281,6,7.7,4.2,9.1,9.742857142857144,8.578571428571427
1984-10-08,14.6,10,282,0,16.0,11.3,6.1,11.428571428571429,9.071428571428571
1984-10-09,12.5,10,283,1,14.6,16.3,7.5,11.900000000000002,9.678571428571429
1984-10-10,8.1,10,284,2,12.5,10.5,10.7,11.357142857142858,10.035714285714286
1984-10-11,12.2,10,285,3,8.1,10.3,6.3,11.014285714285714,9.849999999999998
1984-10-12,17.2,10,286,4,12.2,7.9,5.5,11.285714285714286,10.271428571428572
1984-10-13,9.4,10,287,5,17.2,7.7,6.7,12.614285714285716,11.107142857142858
1984-10-14,8.7,10,288,6,9.4,16.0,4.2,12.857142857142858,11.299999999999999
1984-10-15,5.9,10,289,0,8.7,14.6,11.3,11.814285714285715,11.62142857142857
1984-10-16,4.8,10,290,1,5.9,12.5,16.3,10.571428571428571,11.235714285714284
1984-10-17,7.4,10,291,2,4.8,8.1,10.5,9.471428571428572,10.414285714285715
1984-10-18,9.4,10,292,3,7.4,12.2,10.3,9.371428571428572,10.192857142857145
1984-10-19,9.7,10,293,4,9.4,17.2,7.9,8.971428571428572,10.12857142857143
1984-10-20,9.9,10,294,5,9.7,9.4,7.7,7.9,10.257142857142856
1984-10-21,6.5,10,295,6,9.9,8.7,16.0,7.971428571428572,10.414285714285715
1984-10-22,9.8,10,296,0,6.5,5.9,14.6,7.6571428571428575,9.735714285714286
1984-10-23,18.2,10,297,1,9.8,4.8,12.5,8.214285714285715,9.392857142857142
1984-10-24,11.3,10,298,2,18.2,7.4,8.1,10.12857142857143,9.799999999999999
1984-10-25,9.1,10,299,3,11.3,9.4,12.2,10.685714285714285,10.028571428571428
1984-10-26,9.6,10,300,4,9.1,9.7,17.2,10.642857142857144,9.807142857142859
1984-10-27,13.5,10,301,5,9.6,9.9,9.4,10.62857142857143,9.264285714285714
1984-10-28,10.7,10,302,6,13.5,6.5,8.7,11.142857142857142,9.557142857142859
1984-10-29,10.0,10,303,0,10.7,9.8,5.9,11.742857142857144,9.700000000000001
1984-10-30,8.5,10,304,1,10.0,18.2,4.8,11.771428571428572,9.992857142857144
1984-10-31,12.6,10,305,2,8.5,11.3,7.4,10.385714285714286,10.257142857142858
1984-11-01,16.6,11,306,3,12.6,9.1,9.4,10.571428571428571,10.62857142857143
1984-11-02,11.6,11,307,4,16.6,9.6,9.7,11.642857142857142,11.142857142857142
1984-11-03,12.2,11,308,5,11.6,13.5,9.9,11.928571428571429,11.278571428571428
1984-11-04,11.2,11,309,6,12.2,10.7,6.5,11.742857142857144,11.442857142857145
1984-11-05,9.2,11,310,0,11.2,10.0,9.8,11.814285714285713,11.778571428571428
1984-11-06,9.9,11,311,1,9.2,8.5,18.2,11.7,11.735714285714284
1984-11-07,11.9,11,312,2,9.9,12.6,11.3,11.9,11.142857142857142
1984-11-08,15.6,11,313,3,11.9,16.6,9.1,11.799999999999999,11.185714285714285
1984-11-09,19.0,11,314,4,15.6,11.6,9.6,11.657142857142858,11.65
1984-11-10,12.8,11,315,5,19.0,12.2,13.5,12.714285714285714,12.321428571428571
1984-11-11,12.2,11,316,6,12.8,11.2,10.7,12.799999999999999,12.271428571428572
1984-11-12,12.0,11,317,0,12.2,9.2,10.0,12.942857142857145,12.378571428571428
1984-11-13,11.1,11,318,1,12.0,9.9,8.5,13.342857142857143,12.52142857142857
1984-11-14,11.8,11,319,2,11.1,11.9,12.6,13.514285714285714,12.707142857142856
1984-11-15,7.6,11,320,3,11.8,15.6,16.6,13.5,12.65
1984-11-16,13.0,11,321,4,7.6,19.0,11.6,12.357142857142858,12.007142857142856
1984-11-17,12.7,11,322,5,13.0,12.8,12.2,11.5,12.107142857142858
1984-11-18,16.0,11,323,6,12.7,12.2,11.2,11.485714285714286,12.142857142857142
1984-11-19,14.8,11,324,0,16.0,12.0,9.2,12.028571428571427,12.485714285714286
1984-11-20,14.2,11,325,1,14.8,11.1,9.9,12.428571428571429,12.885714285714286
1984-11-21,10.0,11,326,2,14.2,11.8,11.9,12.87142857142857,13.192857142857141
1984-11-22,8.8,11,327,3,10.0,7.6,15.6,12.614285714285716,13.057142857142859
1984-11-23,11.6,11,328,4,8.8,13.0,19.0,12.785714285714286,12.571428571428571
1984-11-24,8.6,11,329,5,11.6,12.7,12.8,12.585714285714285,12.042857142857143
1984-11-25,14.6,11,330,6,8.6,16.0,12.2,12.0,11.742857142857142
1984-11-26,24.3,11,331,0,14.6,14.8,12.0,11.8,11.914285714285715
1984-11-27,11.6,11,332,1,24.3,14.2,11.1,13.157142857142857,12.792857142857143
1984-11-28,10.8,11,333,2,11.6,10.0,11.8,12.785714285714286,12.828571428571427
1984-11-29,12.0,11,334,3,10.8,8.8,7.6,12.900000000000002,12.757142857142856
1984-11-30,11.0,11,335,4,12.0,11.6,13.0,13.357142857142858,13.071428571428571
1984-12-01,12.6,12,336,5,11.0,8.6,12.7,13.271428571428572,12.928571428571429
1984-12-02,10.8,12,337,6,12.6,14.6,16.0,13.842857142857143,12.921428571428573
1984-12-03,9.1,12,338,0,10.8,24.3,14.8,13.299999999999999,12.549999999999999
1984-12-04,11.0,12,339,1,9.1,11.6,14.2,11.12857142857143,12.142857142857142
1984-12-05,13.0,12,340,2,11.0,10.8,10.0,11.042857142857144,11.914285714285715
1984-12-06,12.8,12,341,3,13.0,12.0,8.8,11.357142857142858,12.12857142857143
1984-12-07,9.9,12,342,4,12.8,11.0,11.6,11.471428571428572,12.414285714285715
1984-12-08,11.6,12,343,5,9.9,12.6,8.6,11.314285714285713,12.292857142857144
1984-12-09,10.5,12,344,6,11.6,10.8,14.6,11.171428571428573,12.507142857142856
1984-12-10,15.9,12,345,0,10.5,9.1,24.3,11.12857142857143,12.214285714285714
1984-12-11,12.2,12,346,1,15.9,11.0,11.6,12.099999999999998,11.614285714285716
1984-12-12,13.0,12,347,2,12.2,13.0,10.8,12.27142857142857,11.657142857142858
1984-12-13,12.5,12,348,3,13.0,12.8,12.0,12.27142857142857,11.814285714285715
1984-12-14,12.5,12,349,4,12.5,9.9,11.0,12.228571428571428,11.85
1984-12-15,11.4,12,350,5,12.5,11.6,12.6,12.599999999999998,11.957142857142857
1984-12-16,12.1,12,351,6,11.4,10.5,10.8,12.571428571428571,11.871428571428572
1984-12-17,16.8,12,352,0,12.1,15.9,9.1,12.799999999999999,11.964285714285714
1984-12-18,12.1,12,353,1,16.8,12.2,11.0,12.928571428571429,12.514285714285714
1984-12-19,11.3,12,354,2,12.1,13.0,13.0,12.914285714285715,12.592857142857143
1984-12-20,10.4,12,355,3,11.3,12.5,12.8,12.671428571428573,12.471428571428572
1984-12-21,14.2,12,356,4,10.4,12.5,9.9,12.371428571428572,12.299999999999999
1984-12-22,11.4,12,357,5,14.2,11.4,11.6,12.614285714285716,12.607142857142858
1984-12-23,13.7,12,358,6,11.4,12.1,10.5,12.614285714285714,12.592857142857142
1984-12-24,16.5,12,359,0,13.7,16.8,15.9,12.842857142857143,12.821428571428571
1984-12-25,12.8,12,360,1,16.5,12.1,12.2,12.799999999999999,12.864285714285716
1984-12-26,12.2,12,361,2,12.8,11.3,13.0,12.9,12.907142857142857
1984-12-27,12.0,12,362,3,12.2,10.4,12.5,13.028571428571428,12.85
1984-12-28,12.6,12,363,4,12.0,14.2,12.5,13.257142857142856,12.814285714285715
1984-12-29,16.0,12,364,5,12.6,11.4,11.4,13.028571428571427,12.821428571428571
1984-12-30,16.4,12,365,6,16.0,13.7,12.1,13.685714285714287,13.15
1985-01-01,13.3,1,1,1,16.4,16.5,16.8,14.071428571428571,13.457142857142857
1985-01-02,15.2,1,2,2,13.3,12.8,12.1,13.614285714285714,13.207142857142857
1985-01-03,13.1,1,3,3,15.2,12.2,11.3,13.957142857142857,13.428571428571429
1985-01-04,12.7,1,4,4,13.1,12.0,10.4,14.085714285714285,13.557142857142859
1985-01-05,14.6,1,5,5,12.7,12.6,14.2,14.185714285714285,13.721428571428572
1985-01-06,11.0,1,6,6,14.6,16.0,11.4,14.471428571428573,13.75
1985-01-07,13.2,1,7,0,11.0,16.4,13.7,13.757142857142858,13.721428571428573
1985-01-08,12.2,1,8,1,13.2,13.3,16.5,13.299999999999999,13.685714285714285
1985-01-09,14.4,1,9,2,12.2,15.2,12.8,13.142857142857142,13.378571428571428
1985-01-10,13.7,1,10,3,14.4,13.1,12.2,13.028571428571428,13.492857142857144
1985-01-11,14.5,1,11,4,13.7,12.7,12.0,13.114285714285714,13.599999999999998
1985-01-12,14.1,1,12,5,14.5,14.6,12.6,13.37142857142857,13.778571428571427
1985-01-13,14.4,1,13,6,14.1,11.0,16.0,13.3,13.885714285714286
1985-01-14,19.7,1,14,0,14.4,13.2,16.4,13.785714285714283,13.77142857142857
1985-01-15,16.5,1,15,1,19.7,12.2,13.3,14.714285714285714,14.007142857142856
1985-01-16,15.9,1,16,2,16.5,14.4,15.2,15.328571428571427,14.235714285714286
1985-01-17,11.8,1,17,3,15.9,13.7,13.1,15.542857142857143,14.285714285714286
1985-01-18,12.0,1,18,4,11.8,14.5,12.7,15.271428571428572,14.192857142857141
1985-01-19,11.4,1,19,5,12.0,14.1,14.6,14.914285714285715,14.142857142857142
1985-01-20,14.4,1,20,6,11.4,14.4,11.0,14.528571428571427,13.914285714285713
1985-01-21,12.4,1,21,0,14.4,19.7,13.2,14.528571428571428,14.157142857142858
1985-01-22,15.1,1,22,1,12.4,16.5,12.2,13.485714285714286,14.1
1985-01-23,15.6,1,23,2,15.1,15.9,14.4,13.285714285714286,14.307142857142859
1985-01-24,15.2,1,24,3,15.6,11.8,13.7,13.242857142857142,14.392857142857142
1985-01-25,12.8,1,25,4,15.2,12.0,14.5,13.728571428571428,14.5
1985-01-26,13.3,1,26,5,12.8,11.4,14.1,13.842857142857143,14.37857142857143
1985-01-27,17.5,1,27,6,13.3,14.4,14.4,14.114285714285714,14.321428571428571
1985-01-28,15.4,1,28,0,17.5,12.4,19.7,14.557142857142859,14.542857142857144
1985-01-29,13.5,1,29,1,15.4,15.1,16.5,14.985714285714284,14.235714285714284
1985-01-30,16.7,1,30,2,13.5,15.6,15.9,14.757142857142856,14.02142857142857
1985-01-31,15.2,1,31,3,16.7,15.2,11.8,14.914285714285713,14.078571428571427
1985-02-01,14.9,2,32,4,15.2,12.8,12.0,14.914285714285715,14.321428571428571
1985-02-02,10.2,2,33,5,14.9,13.3,11.4,15.214285714285712,14.528571428571428
1985-02-03,13.6,2,34,6,10.2,17.5,14.4,14.77142857142857,14.442857142857141
1985-02-04,19.0,2,35,0,13.6,15.4,12.4,14.214285714285714,14.385714285714284
1985-02-05,15.7,2,36,1,19.0,13.5,15.1,14.728571428571428,14.857142857142858
1985-02-06,18.0,2,37,2,15.7,16.7,15.6,15.042857142857143,14.9
1985-02-07,14.8,2,38,3,18.0,15.2,15.2,15.228571428571428,15.071428571428571
1985-02-08,13.9,2,39,4,14.8,14.9,12.8,15.171428571428569,15.042857142857144
1985-02-09,13.0,2,40,5,13.9,10.2,13.3,15.028571428571428,15.12142857142857
1985-02-10,15.3,2,41,6,13.0,13.6,17.5,15.428571428571429,15.099999999999998
1985-02-11,14.3,2,42,0,15.3,19.0,15.4,15.671428571428573,14.942857142857141
1985-02-12,15.6,2,43,1,14.3,15.7,13.5,15.0,14.864285714285716
1985-02-13,16.0,2,44,2,15.6,18.0,16.7,14.985714285714286,15.014285714285716
1985-02-14,14.9,2,45,3,16.0,14.8,15.2,14.700000000000001,14.964285714285714
1985-02-15,11.1,2,46,4,14.9,13.9,14.9,14.714285714285714,14.942857142857145
1985-02-16,14.8,2,47,5,11.1,13.0,10.2,14.314285714285715,14.671428571428573
1985-02-17,13.0,2,48,6,14.8,15.3,13.6,14.571428571428571,15.0
1985-02-18,12.2,2,49,0,13.0,14.3,19.0,14.242857142857144,14.957142857142856
1985-02-19,10.9,2,50,1,12.2,15.6,15.7,13.942857142857141,14.471428571428572
1985-02-20,14.6,2,51,2,10.9,16.0,18.0,13.271428571428572,14.12857142857143
1985-02-21,16.6,2,52,3,14.6,14.9,14.8,13.071428571428571,13.885714285714286
1985-02-22,18.1,2,53,4,16.6,11.1,13.9,13.314285714285713,14.014285714285716
1985-02-23,13.4,2,54,5,18.1,14.8,13.0,14.314285714285715,14.314285714285715
1985-02-24,10.3,2,55,6,13.4,13.0,15.3,14.114285714285716,14.342857142857143
1985-02-25,13.6,2,56,0,10.3,12.2,14.3,13.72857142857143,13.985714285714286
1985-02-26,13.8,2,57,1,13.6,10.9,15.6,13.928571428571429,13.935714285714285
1985-02-27,10.3,2,58,2,13.8,14.6,16.0,14.342857142857143,13.807142857142859
1985-02-28,11.0,2,59,3,10.3,16.6,14.9,13.72857142857143,13.4
1985-03-01,14.3,3,60,4,11.0,18.1,11.1,12.928571428571429,13.12142857142857
1985-03-02,15.5,3,61,5,14.3,13.4,14.8,12.385714285714286,13.35
1985-03-03,14.7,3,62,6,15.5,10.3,13.0,12.685714285714285,13.400000000000002
1985-03-04,12.7,3,63,0,14.7,13.6,12.2,13.314285714285715,13.521428571428572
1985-03-05,10.7,3,64,1,12.7,13.8,10.9,13.185714285714287,13.557142857142859
1985-03-06,12.6,3,65,2,10.7,10.3,14.6,12.742857142857142,13.542857142857143
1985-03-07,9.8,3,66,3,12.6,11.0,16.6,13.071428571428571,13.4
1985-03-08,13.2,3,67,4,9.8,14.3,18.1,12.9,12.914285714285715
1985-03-09,15.2,3,68,5,13.2,15.5,13.4,12.742857142857144,12.564285714285715
1985-03-10,16.6,3,69,6,15.2,14.7,10.3,12.7,12.692857142857141
1985-03-11,21.0,3,70,0,16.6,12.7,13.6,12.971428571428572,13.142857142857142
1985-03-12,22.4,3,71,1,21.0,10.7,13.8,14.157142857142857,13.671428571428573
1985-03-13,17.0,3,72,2,22.4,12.6,10.3,15.828571428571431,14.285714285714286
1985-03-14,21.7,3,73,3,17.0,9.8,11.0,16.457142857142856,14.764285714285714
1985-03-15,21.4,3,74,4,21.7,13.2,14.3,18.157142857142855,15.528571428571428
1985-03-16,18.6,3,75,5,21.4,15.2,15.5,19.328571428571426,16.035714285714285
1985-03-17,16.2,3,76,6,18.6,16.6,14.7,19.814285714285717,16.257142857142856
1985-03-18,16.8,3,77,0,16.2,21.0,12.7,19.75714285714286,16.364285714285714
1985-03-19,17.0,3,78,1,16.8,22.4,10.7,19.157142857142855,16.657142857142855
1985-03-20,18.4,3,79,2,17.0,17.0,12.6,18.385714285714283,17.107142857142858
1985-03-21,17.2,3,80,3,18.4,21.7,9.8,18.585714285714285,17.521428571428572
1985-03-22,18.4,3,81,4,17.2,21.4,13.2,17.942857142857143,18.05
1985-03-23,18.8,3,82,5,18.4,18.6,15.2,17.514285714285712,18.42142857142857
1985-03-24,16.5,3,83,6,18.8,16.2,16.6,17.54285714285714,18.678571428571427
1985-03-25,13.3,3,84,0,16.5,16.8,21.0,17.585714285714285,18.67142857142857
1985-03-26,12.2,3,85,1,13.3,17.0,22.4,17.085714285714285,18.12142857142857
1985-03-27,11.3,3,86,2,12.2,18.4,17.0,16.4,17.392857142857142
1985-03-28,13.8,3,87,3,11.3,17.2,21.7,15.385714285714284,16.985714285714288
1985-03-29,16.6,3,88,4,13.8,18.4,21.4,14.900000000000002,16.42142857142857
1985-03-30,14.0,3,89,5,16.6,18.8,18.6,14.642857142857142,16.07857142857143
1985-03-31,14.3,3,90,6,14.0,16.5,16.2,13.957142857142857,15.75
1985-04-01,16.4,4,91,0,14.3,13.3,16.8,13.642857142857142,15.614285714285716
1985-04-02,11.9,4,92,1,16.4,12.2,17.0,14.085714285714285,15.585714285714285
1985-04-03,15.7,4,93,2,11.9,11.3,18.4,14.042857142857144,15.221428571428572
1985-04-04,17.6,4,94,3,15.7,13.8,17.2,14.671428571428569,15.028571428571427
1985-04-05,17.5,4,95,4,17.6,16.6,18.4,15.214285714285714,15.057142857142859
1985-04-06,15.9,4,96,5,17.5,14.0,18.8,15.342857142857143,14.992857142857144
1985-04-07,16.2,4,97,6,15.9,14.3,16.5,15.614285714285716,14.785714285714288
1985-04-08,16.0,4,98,0,16.2,16.4,13.3,15.885714285714284,14.764285714285716
1985-04-09,15.9,4,99,1,16.0,11.9,12.2,15.828571428571431,14.957142857142857
1985-04-10,16.2,4,100,2,15.9,15.7,11.3,16.4,15.221428571428573
1985-04-11,16.2,4,101,3,16.2,17.6,13.8,16.47142857142857,15.571428571428571
1985-04-12,19.5,4,102,4,16.2,17.5,16.6,16.271428571428572,15.742857142857144
1985-04-13,18.2,4,103,5,19.5,15.9,14.0,16.557142857142857,15.950000000000001
1985-04-14,21.8,4,104,6,18.2,16.2,14.3,16.885714285714283,16.25
1985-04-15,15.1,4,105,0,21.8,16.0,16.4,17.685714285714287,16.785714285714285
1985-04-16,11.0,4,106,1,15.1,15.9,11.9,17.557142857142857,16.692857142857143
1985-04-17,8.1,4,107,2,11.0,16.2,15.7,16.857142857142858,16.62857142857143
1985-04-18,9.5,4,108,3,8.1,16.2,17.6,15.700000000000001,16.085714285714285
1985-04-19,9.3,4,109,4,9.5,19.5,17.5,14.742857142857142,15.507142857142856
1985-04-20,10.6,4,110,5,9.3,18.2,15.9,13.285714285714286,14.921428571428573
1985-04-21,6.3,4,111,6,10.6,21.8,16.2,12.200000000000001,14.542857142857143
1985-04-22,8.6,4,112,0,6.3,15.1,16.0,9.985714285714284,13.835714285714285
1985-04-23,6.8,4,113,1,8.6,11.0,15.9,9.057142857142859,13.307142857142859
1985-04-24,8.7,4,114,2,6.8,8.1,16.2,8.457142857142857,12.657142857142857
1985-04-25,8.4,4,115,3,8.7,9.5,16.2,8.542857142857143,12.121428571428572
1985-04-26,9.3,4,116,4,8.4,9.3,19.5,8.385714285714286,11.564285714285713
1985-04-27,10.0,4,117,5,9.3,10.6,18.2,8.385714285714286,10.835714285714285
1985-04-28,10.5,4,118,6,10.0,6.3,21.8,8.3,10.25
1985-04-29,12.0,4,119,0,10.5,8.6,15.1,8.9,9.442857142857145
1985-04-30,10.1,4,120,1,12.0,6.8,11.0,9.385714285714286,9.221428571428572
1985-05-01,9.4,5,121,2,10.1,8.7,8.1,9.857142857142858,9.157142857142857
1985-05-02,10.1,5,122,3,9.4,8.4,9.5,9.957142857142857,9.25
1985-05-03,8.0,5,123,4,10.1,9.3,9.3,10.200000000000001,9.292857142857143
1985-05-04,10.6,5,124,5,8.0,10.0,10.6,10.014285714285714,9.200000000000001
1985-05-05,13.6,5,125,6,10.6,10.5,6.3,10.1,9.2
1985-05-06,15.4,5,126,0,13.6,12.0,8.6,10.542857142857143,9.721428571428572
1985-05-07,9.0,5,127,1,15.4,10.1,6.8,11.028571428571428,10.207142857142857
1985-05-08,10.4,5,128,2,9.0,9.4,8.7,10.87142857142857,10.364285714285714
1985-05-09,11.0,5,129,3,10.4,10.1,8.4,11.014285714285714,10.485714285714286
1985-05-10,12.1,5,130,4,11.0,8.0,9.3,11.142857142857142,10.671428571428573
1985-05-11,13.4,5,131,5,12.1,10.6,10.0,11.72857142857143,10.87142857142857
1985-05-12,11.3,5,132,6,13.4,13.6,10.5,12.12857142857143,11.114285714285714
1985-05-13,6.7,5,133,0,11.3,15.4,12.0,11.8,11.171428571428569
1985-05-14,9.8,5,134,1,6.7,9.0,10.1,10.557142857142859,10.792857142857143
1985-05-15,10.8,5,135,2,9.8,10.4,9.4,10.671428571428573,10.77142857142857
1985-05-16,7.8,5,136,3,10.8,11.0,10.1,10.72857142857143,10.87142857142857
1985-05-17,4.5,5,137,4,7.8,12.1,8.0,10.27142857142857,10.707142857142857
1985-05-18,7.6,5,138,5,4.5,13.4,10.6,9.185714285714285,10.457142857142857
1985-05-19,6.9,5,139,6,7.6,11.3,13.6,8.357142857142858,10.242857142857144
1985-05-20,7.5,5,140,0,6.9,6.7,15.4,7.728571428571429,9.764285714285716
1985-05-21,8.5,5,141,1,7.5,9.8,9.0,7.8428571428571425,9.200000000000001
1985-05-22,5.5,5,142,2,8.5,10.8,10.4,7.657142857142857,9.164285714285715
1985-05-23,9.5,5,143,3,5.5,7.8,11.0,6.8999999999999995,8.814285714285713
1985-05-24,7.3,5,144,4,9.5,4.5,12.1,7.142857142857143,8.707142857142857
1985-05-25,5.4,5,145,5,7.3,7.6,13.4,7.542857142857144,8.364285714285714
1985-05-26,5.5,5,146,6,5.4,6.9,11.3,7.228571428571429,7.792857142857143
1985-05-27,8.1,5,147,0,5.5,7.5,6.7,7.028571428571429,7.378571428571428
1985-05-28,11.2,5,148,1,8.1,8.5,9.8,7.114285714285715,7.478571428571428
1985-05-29,13.4,5,149,2,11.2,5.5,10.8,7.5,7.578571428571428
1985-05-30,11.6,5,150,3,13.4,9.5,7.8,8.628571428571428,7.764285714285714
1985-05-31,10.1,5,151,4,11.6,7.3,4.5,8.928571428571429,8.035714285714286
1985-06-01,4.3,6,152,5,10.1,5.4,7.6,9.328571428571427,8.435714285714287
1985-06-02,5.5,6,153,6,4.3,5.5,6.9,9.171428571428573,8.2
1985-06-03,4.4,6,154,0,5.5,8.1,7.5,9.171428571428573,8.1
1985-06-04,5.9,6,155,1,4.4,11.2,8.5,8.642857142857142,7.878571428571428
1985-06-05,5.7,6,156,2,5.9,13.4,5.5,7.885714285714285,7.692857142857143
1985-06-06,8.2,6,157,3,5.7,11.6,9.5,6.785714285714286,7.707142857142857
1985-06-07,8.2,6,158,4,8.2,10.1,7.3,6.3,7.614285714285715
1985-06-08,4.2,6,159,5,8.2,4.3,5.4,6.028571428571429,7.678571428571429
1985-06-09,6.5,6,160,6,4.2,5.5,5.5,6.014285714285713,7.5928571428571425
1985-06-10,10.0,6,161,0,6.5,4.4,8.1,6.157142857142857,7.664285714285714
1985-06-11,8.8,6,162,1,10.0,5.9,11.2,6.957142857142857,7.799999999999999
1985-06-12,6.6,6,163,2,8.8,5.7,13.4,7.371428571428572,7.628571428571429
1985-06-13,7.8,6,164,3,6.6,8.2,11.6,7.5,7.142857142857143
1985-06-14,10.1,6,165,4,7.8,8.2,10.1,7.442857142857143,6.871428571428572
1985-06-15,7.1,6,166,5,10.1,4.2,4.3,7.714285714285714,6.871428571428571
1985-06-16,7.7,6,167,6,7.1,6.5,5.5,8.12857142857143,7.071428571428571
1985-06-17,8.5,6,168,0,7.7,10.0,4.4,8.3,7.228571428571429
1985-06-18,7.3,6,169,1,8.5,8.8,5.9,8.085714285714285,7.521428571428572
1985-06-19,6.9,6,170,2,7.3,6.6,5.7,7.871428571428572,7.621428571428572
1985-06-20,8.4,6,171,3,6.9,7.8,8.2,7.914285714285714,7.707142857142857
1985-06-21,7.1,6,172,4,8.4,10.1,8.2,8.0,7.721428571428571
1985-06-22,6.3,6,173,5,7.1,7.1,4.2,7.571428571428571,7.642857142857144
1985-06-23,0.6,6,174,6,6.3,7.7,6.5,7.457142857142857,7.792857142857144
1985-06-24,1.6,6,175,0,0.6,8.5,10.0,6.442857142857143,7.371428571428572
1985-06-25,7.0,6,176,1,1.6,7.3,8.8,5.457142857142856,6.771428571428572
1985-06-26,8.3,6,177,2,7.0,6.9,6.6,5.414285714285714,6.642857142857143
1985-06-27,8.0,6,178,3,8.3,8.4,7.8,5.614285714285715,6.764285714285714
1985-06-28,10.2,6,179,4,8.0,7.1,10.1,5.557142857142857,6.778571428571429
1985-06-29,10.6,6,180,5,10.2,6.3,7.1,6.0,6.7857142857142865
1985-06-30,10.4,6,181,6,10.6,0.6,7.7,6.614285714285714,7.035714285714286
1985-07-01,11.6,7,182,0,10.4,1.6,8.5,8.014285714285714,7.228571428571429
1985-07-02,11.0,7,183,1,11.6,7.0,7.3,9.442857142857141,7.45
1985-07-03,10.7,7,184,2,11.0,8.3,6.9,10.014285714285714,7.714285714285714
1985-07-04,7.3,7,185,3,10.7,8.0,8.4,10.357142857142858,7.985714285714286
1985-07-05,4.2,7,186,4,7.3,10.2,7.1,10.257142857142856,7.9071428571428575
1985-07-06,4.7,7,187,5,4.2,10.6,6.3,9.4,7.7
1985-07-07,5.6,7,188,6,4.7,10.4,0.6,8.557142857142859,7.585714285714286
1985-07-08,7.7,7,189,0,5.6,11.6,1.6,7.871428571428571,7.942857142857143
1985-07-09,7.5,7,190,1,7.7,11.0,7.0,7.314285714285715,8.378571428571428
1985-07-10,4.9,7,191,2,7.5,10.7,8.3,6.814285714285715,8.414285714285715
1985-07-11,5.9,7,192,3,4.9,7.3,8.0,5.985714285714286,8.17142857142857
1985-07-12,7.8,7,193,4,5.9,4.2,10.2,5.785714285714286,8.02142857142857
1985-07-13,5.8,7,194,5,7.8,4.7,10.6,6.3,7.85
1985-07-14,7.0,7,195,6,5.8,5.6,10.4,6.457142857142856,7.507142857142857
1985-07-15,8.4,7,196,0,7.0,7.7,11.6,6.6571428571428575,7.264285714285713
1985-07-16,6.2,7,197,1,8.4,7.5,11.0,6.757142857142857,7.035714285714286
1985-07-17,7.5,7,198,2,6.2,4.9,10.7,6.571428571428571,6.692857142857143
1985-07-18,4.8,7,199,3,7.5,5.9,7.3,6.942857142857143,6.464285714285714
1985-07-19,3.3,7,200,4,4.8,7.8,4.2,6.785714285714286,6.285714285714286
1985-07-20,3.2,7,201,5,3.3,5.8,4.7,6.142857142857143,6.221428571428571
1985-07-21,7.0,7,202,6,3.2,7.0,5.6,5.771428571428572,6.114285714285714
1985-07-22,8.4,7,203,0,7.0,8.4,7.7,5.771428571428572,6.214285714285714
1985-07-23,0.3,7,204,1,8.4,6.2,7.5,5.771428571428571,6.264285714285714
1985-07-24,0.3,7,205,2,0.3,7.5,4.9,4.928571428571429,5.75
1985-07-25,2.1,7,206,3,0.3,4.8,5.9,3.9,5.421428571428572
1985-07-26,8.5,7,207,4,2.1,3.3,7.8,3.5142857142857147,5.1499999999999995
1985-07-27,1.4,7,208,5,8.5,3.2,5.8,4.257142857142857,5.200000000000001
1985-07-28,4.1,7,209,6,1.4,7.0,7.0,4.0,4.885714285714286
1985-07-29,10.3,7,210,0,4.1,8.4,8.4,3.585714285714286,4.678571428571429
1985-07-30,6.6,7,211,1,10.3,0.3,6.2,3.8571428571428577,4.814285714285715
1985-07-31,6.1,7,212,2,6.6,0.3,7.5,4.757142857142858,4.8428571428571425
1985-08-01,7.0,8,213,3,6.1,2.1,4.8,5.5857142857142845,4.742857142857143
1985-08-02,5.1,8,214,4,7.0,8.5,3.3,6.285714285714286,4.8999999999999995
1985-08-03,6.3,8,215,5,5.1,1.4,3.2,5.8,5.028571428571429
1985-08-04,6.9,8,216,6,6.3,4.1,7.0,6.5,5.25
1985-08-05,11.4,8,217,0,6.9,10.3,8.4,6.9,5.242857142857143
1985-08-06,10.4,8,218,1,11.4,6.6,0.3,7.057142857142857,5.457142857142856
1985-08-07,10.3,8,219,2,10.4,6.1,0.3,7.6,6.178571428571429
1985-08-08,9.2,8,220,3,10.3,7.0,2.1,8.2,6.892857142857143
1985-08-09,7.2,8,221,4,9.2,5.1,8.5,8.514285714285714,7.4
1985-08-10,7.5,8,222,5,7.2,6.3,1.4,8.814285714285715,7.307142857142857
1985-08-11,4.0,8,223,6,7.5,6.9,4.1,8.985714285714286,7.742857142857143
1985-08-12,5.6,8,224,0,4.0,11.4,10.3,8.571428571428571,7.735714285714287
1985-08-13,6.7,8,225,1,5.6,10.4,6.6,7.742857142857143,7.3999999999999995
1985-08-14,8.4,8,226,2,6.7,10.3,6.1,7.214285714285714,7.4071428571428575
1985-08-15,11.0,8,227,3,8.4,9.2,7.0,6.942857142857142,7.571428571428571
1985-08-16,8.4,8,228,4,11.0,7.2,5.1,7.200000000000001,7.857142857142857
1985-08-17,8.8,8,229,5,8.4,7.5,6.3,7.371428571428572,8.092857142857143
1985-08-18,8.6,8,230,6,8.8,4.0,6.9,7.557142857142857,8.27142857142857
1985-08-19,8.3,8,231,0,8.6,5.6,11.4,8.214285714285714,8.392857142857142
1985-08-20,4.0,8,232,1,8.3,6.7,10.4,8.6,8.171428571428573
1985-08-21,3.6,8,233,2,4.0,8.4,10.3,8.214285714285714,7.714285714285714
1985-08-22,5.7,8,234,3,3.6,11.0,9.2,7.528571428571428,7.235714285714286
1985-08-23,10.6,8,235,4,5.7,8.4,7.2,6.771428571428572,6.985714285714286
1985-08-24,6.9,8,236,5,10.6,8.8,7.5,7.085714285714286,7.228571428571429
1985-08-25,10.0,8,237,6,6.9,8.6,4.0,6.814285714285715,7.185714285714285
1985-08-26,9.8,8,238,0,10.0,8.3,5.6,7.014285714285714,7.614285714285714
1985-08-27,7.2,8,239,1,9.8,4.0,6.7,7.228571428571428,7.9142857142857155
1985-08-28,10.5,8,240,2,7.2,3.6,8.4,7.685714285714285,7.95
1985-08-29,3.6,8,241,3,10.5,5.7,11.0,8.671428571428573,8.1
1985-08-30,5.3,8,242,4,3.6,10.6,8.4,8.371428571428572,7.571428571428572
1985-08-31,8.4,8,243,5,5.3,6.9,8.8,7.614285714285714,7.3500000000000005
1985-09-01,10.3,9,244,6,8.4,10.0,8.6,7.828571428571428,7.321428571428571
1985-09-02,7.9,9,245,0,10.3,9.8,8.3,7.871428571428572,7.442857142857143
1985-09-03,8.5,9,246,1,7.9,7.2,4.0,7.6,7.414285714285714
1985-09-04,7.9,9,247,2,8.5,10.5,3.6,7.785714285714286,7.735714285714286
1985-09-05,8.0,9,248,3,7.9,3.6,5.7,7.4142857142857155,8.042857142857143
1985-09-06,9.8,9,249,4,8.0,5.3,10.6,8.042857142857143,8.207142857142857
1985-09-07,6.7,9,250,5,9.8,8.4,6.9,8.685714285714287,8.15
1985-09-08,4.8,9,251,6,6.7,10.3,10.0,8.442857142857145,8.135714285714286
1985-09-09,9.9,9,252,0,4.8,7.9,9.8,7.6571428571428575,7.764285714285714
1985-09-10,12.8,9,253,1,9.9,8.5,7.2,7.942857142857143,7.771428571428572
1985-09-11,10.9,9,254,2,12.8,7.9,10.5,8.557142857142859,8.171428571428573
1985-09-12,11.7,9,255,3,10.9,8.0,3.6,8.985714285714286,8.200000000000001
1985-09-13,11.7,9,256,4,11.7,9.8,5.3,9.514285714285716,8.778571428571428
1985-09-14,11.0,9,257,5,11.7,6.7,8.4,9.785714285714286,9.235714285714286
1985-09-15,8.2,9,258,6,11.0,4.8,10.3,10.4,9.421428571428573
1985-09-16,7.5,9,259,0,8.2,9.9,7.9,10.885714285714286,9.271428571428572
1985-09-17,5.4,9,260,1,7.5,12.8,8.5,10.542857142857143,9.242857142857144
1985-09-18,7.2,9,261,2,5.4,10.9,7.9,9.485714285714284,9.021428571428572
1985-09-19,9.7,9,262,3,7.2,11.7,8.0,8.957142857142857,8.971428571428572
1985-09-20,8.4,9,263,4,9.7,11.7,9.8,8.671428571428573,9.092857142857143
1985-09-21,9.0,9,264,5,8.4,11.0,6.7,8.2,8.992857142857144
1985-09-22,8.7,9,265,6,9.0,8.2,4.8,7.914285714285714,9.157142857142857
1985-09-23,6.6,9,266,0,8.7,7.5,9.9,7.985714285714287,9.435714285714285
1985-09-24,11.6,9,267,1,6.6,5.4,12.8,7.857142857142857,9.200000000000001
1985-09-25,13.1,9,268,2,11.6,7.2,10.9,8.742857142857142,9.114285714285714
1985-09-26,6.7,9,269,3,13.1,9.7,11.7,9.585714285714285,9.27142857142857
1985-09-27,6.5,9,270,4,6.7,8.4,11.7,9.157142857142857,8.914285714285715
1985-09-28,7.7,9,271,5,6.5,9.0,11.0,8.885714285714286,8.542857142857143
1985-09-29,8.7,9,272,6,7.7,8.7,8.2,8.7,8.307142857142857
1985-09-30,7.2,9,273,0,8.7,6.6,7.5,8.7,8.342857142857143
1985-10-01,10.5,10,274,1,7.2,11.6,5.4,8.785714285714285,8.321428571428571
1985-10-02,8.6,10,275,2,10.5,13.1,7.2,8.62857142857143,8.685714285714285
1985-10-03,7.2,10,276,3,8.6,6.7,9.7,7.985714285714286,8.785714285714286
1985-10-04,11.4,10,277,4,7.2,6.5,8.4,8.057142857142857,8.607142857142858
1985-10-05,16.2,10,278,5,11.4,7.7,9.0,8.757142857142856,8.821428571428571
1985-10-06,6.1,10,279,6,16.2,8.7,8.7,9.971428571428572,9.335714285714285
1985-10-07,9.6,10,280,0,6.1,7.2,6.6,9.6,9.15
1985-10-08,11.1,10,281,1,9.6,10.5,11.6,9.942857142857141,9.364285714285714
1985-10-09,13.6,10,282,2,11.1,8.6,13.1,10.028571428571428,9.328571428571427
1985-10-10,10.7,10,283,3,13.6,7.2,6.7,10.742857142857144,9.364285714285714
1985-10-11,14.7,10,284,4,10.7,11.4,6.5,11.242857142857142,9.65
1985-10-12,11.6,10,285,5,14.7,16.2,7.7,11.714285714285712,10.235714285714284
1985-10-13,7.3,10,286,6,11.6,6.1,8.7,11.057142857142859,10.514285714285714
1985-10-14,8.0,10,287,0,7.3,9.6,7.2,11.228571428571428,10.414285714285713
1985-10-15,9.6,10,288,1,8.0,11.1,10.5,11.0,10.471428571428572
1985-10-16,16.0,10,289,2,9.6,13.6,8.6,10.785714285714286,10.407142857142857
1985-10-17,15.1,10,290,3,16.0,10.7,7.2,11.128571428571428,10.935714285714285
1985-10-18,12.8,10,291,4,15.1,14.7,11.4,11.757142857142856,11.499999999999998
1985-10-19,6.2,10,292,5,12.8,11.6,16.2,11.485714285714286,11.6
1985-10-20,7.1,10,293,6,6.2,7.3,6.1,10.714285714285714,10.885714285714284
1985-10-21,8.4,10,294,0,7.1,8.0,9.6,10.685714285714285,10.957142857142857
1985-10-22,10.0,10,295,1,8.4,9.6,11.1,10.742857142857144,10.87142857142857
1985-10-23,12.7,10,296,2,10.0,16.0,13.6,10.8,10.792857142857144
1985-10-24,10.0,10,297,3,12.7,15.1,10.7,10.328571428571431,10.728571428571428
1985-10-25,10.2,10,298,4,10.0,12.8,14.7,9.6,10.678571428571429
1985-10-26,6.5,10,299,5,10.2,6.2,11.6,9.228571428571428,10.357142857142858
1985-10-27,9.2,10,300,6,6.5,7.1,7.3,9.271428571428572,9.992857142857144
1985-10-28,11.9,10,301,0,9.2,8.4,8.0,9.571428571428571,10.12857142857143
1985-10-29,14.7,10,302,1,11.9,10.0,9.6,10.071428571428571,10.407142857142857
1985-10-30,11.4,10,303,2,14.7,12.7,16.0,10.742857142857142,10.771428571428572
1985-10-31,6.8,10,304,3,11.4,10.0,15.1,10.557142857142859,10.442857142857145
1985-11-01,7.4,11,305,4,6.8,10.2,12.8,10.1,9.85
1985-11-02,11.2,11,306,5,7.4,6.5,6.2,9.7,9.464285714285714
1985-11-03,9.2,11,307,6,11.2,9.2,7.1,10.37142857142857,9.821428571428571
1985-11-04,12.6,11,308,0,9.2,11.9,8.4,10.37142857142857,9.971428571428572
1985-11-05,16.0,11,309,1,12.6,14.7,10.0,10.471428571428572,10.27142857142857
1985-11-06,17.1,11,310,2,16.0,11.4,12.7,10.657142857142857,10.700000000000001
1985-11-07,15.3,11,311,3,17.1,6.8,10.0,11.471428571428572,11.014285714285716
1985-11-08,13.3,11,312,4,15.3,7.4,10.2,12.685714285714285,11.392857142857142
1985-11-09,15.4,11,313,5,13.3,11.2,6.5,13.528571428571427,11.614285714285714
1985-11-10,13.2,11,314,6,15.4,9.2,9.2,14.12857142857143,12.25
1985-11-11,14.4,11,315,0,13.2,12.6,11.9,14.700000000000001,12.535714285714286
1985-11-12,14.0,11,316,1,14.4,16.0,14.7,14.957142857142856,12.714285714285714
1985-11-13,15.5,11,317,2,14.0,17.1,11.4,14.671428571428569,12.664285714285715
1985-11-14,21.0,11,318,3,15.5,15.3,6.8,14.442857142857141,12.957142857142857
1985-11-15,10.0,11,319,4,21.0,13.3,7.4,15.257142857142858,13.971428571428572
1985-11-16,9.6,11,320,5,10.0,15.4,11.2,14.785714285714286,14.157142857142857
1985-11-17,12.0,11,321,6,9.6,13.2,9.2,13.957142857142857,14.042857142857143
1985-11-18,12.2,11,322,0,12.0,14.4,12.6,13.785714285714286,14.242857142857144
1985-11-19,11.3,11,323,1,12.2,14.0,16.0,13.471428571428572,14.214285714285717
1985-11-20,13.2,11,324,2,11.3,15.5,17.1,13.085714285714287,13.878571428571428
1985-11-21,10.5,11,325,3,13.2,21.0,15.3,12.757142857142856,13.6
1985-11-22,10.1,11,326,4,10.5,10.0,13.3,11.257142857142858,13.257142857142858
1985-11-23,8.8,11,327,5,10.1,9.6,15.4,11.271428571428572,13.028571428571428
1985-11-24,13.7,11,328,6,8.8,12.0,13.2,11.157142857142857,12.557142857142855
1985-11-25,16.2,11,329,0,13.7,12.2,14.4,11.4,12.592857142857143
1985-11-26,16.0,11,330,1,16.2,11.3,14.0,11.971428571428572,12.721428571428572
1985-11-27,14.0,11,331,2,16.0,13.2,15.5,12.642857142857142,12.864285714285714
1985-11-28,13.7,11,332,3,14.0,10.5,21.0,12.757142857142856,12.757142857142856
1985-11-29,12.5,11,333,4,13.7,10.1,10.0,13.214285714285714,12.235714285714286
1985-11-30,12.8,11,334,5,12.5,8.8,9.6,13.557142857142859,12.414285714285715
1985-12-01,12.3,12,335,6,12.8,13.7,12.0,14.12857142857143,12.642857142857142
1985-12-02,15.2,12,336,0,12.3,16.2,12.2,13.928571428571429,12.664285714285715
1985-12-03,15.0,12,337,1,15.2,16.0,11.3,13.785714285714286,12.878571428571428
1985-12-04,16.4,12,338,2,15.0,14.0,13.2,13.642857142857142,13.142857142857142
1985-12-05,16.1,12,339,3,16.4,13.7,10.5,13.985714285714284,13.37142857142857
1985-12-06,14.6,12,340,4,16.1,12.5,10.1,14.328571428571427,13.77142857142857
1985-12-07,18.2,12,341,5,14.6,12.8,8.8,14.62857142857143,14.092857142857142
1985-12-08,16.4,12,342,6,18.2,12.3,13.7,15.4,14.764285714285716
1985-12-09,16.6,12,343,0,16.4,15.2,16.2,15.985714285714286,14.957142857142856
1985-12-10,14.7,12,344,1,16.6,15.0,16.0,16.185714285714287,14.985714285714286
1985-12-11,15.8,12,345,2,14.7,16.4,14.0,16.142857142857142,14.892857142857142
1985-12-12,14.1,12,346,3,15.8,16.1,13.7,16.057142857142857,15.021428571428572
1985-12-13,13.5,12,347,4,14.1,14.6,12.5,15.77142857142857,15.05
1985-12-14,13.6,12,348,5,13.5,18.2,12.8,15.614285714285714,15.12142857142857
1985-12-15,13.7,12,349,6,13.6,16.4,12.3,14.957142857142857,15.178571428571429
1985-12-16,13.6,12,350,0,13.7,16.6,15.2,14.571428571428571,15.278571428571427
1985-12-17,12.1,12,351,1,13.6,14.7,15.0,14.142857142857142,15.164285714285715
1985-12-18,12.7,12,352,2,12.1,15.8,16.4,13.77142857142857,14.957142857142857
1985-12-19,13.3,12,353,3,12.7,14.1,16.1,13.328571428571427,14.692857142857141
1985-12-20,14.2,12,354,4,13.3,13.5,14.6,13.214285714285714,14.492857142857144
1985-12-21,15.0,12,355,5,14.2,13.6,18.2,13.314285714285715,14.464285714285714
1985-12-22,13.7,12,356,6,15.0,13.7,16.4,13.514285714285714,14.235714285714284
1985-12-23,12.0,12,357,0,13.7,13.6,16.6,13.514285714285716,14.042857142857143
1985-12-24,13.1,12,358,1,12.0,12.1,14.7,13.285714285714286,13.714285714285714
1985-12-25,13.2,12,359,2,13.1,12.7,15.8,13.428571428571429,13.6
1985-12-26,13.3,12,360,3,13.2,13.3,14.1,13.5,13.414285714285713
1985-12-27,11.5,12,361,4,13.3,14.2,13.5,13.5,13.357142857142858
1985-12-28,10.8,12,362,5,11.5,15.0,13.6,13.114285714285714,13.214285714285714
1985-12-29,12.0,12,363,6,10.8,13.7,13.7,12.514285714285714,13.014285714285714
1985-12-30,16.3,12,364,0,12.0,12.0,13.6,12.27142857142857,12.892857142857142
1985-12-31,14.4,12,365,1,16.3,13.1,12.1,12.885714285714284,13.085714285714285
1986-01-01,12.9,1,1,2,14.4,13.2,12.7,13.071428571428571,13.25
1986-01-02,13.8,1,2,3,12.9,13.3,13.3,13.028571428571428,13.264285714285716
1986-01-03,10.6,1,3,4,13.8,11.5,14.2,13.1,13.299999999999999
1986-01-04,12.6,1,4,5,10.6,10.8,15.0,12.971428571428572,13.042857142857143
1986-01-05,13.7,1,5,6,12.6,12.0,13.7,13.22857142857143,12.871428571428572
1986-01-06,12.6,1,6,0,13.7,16.3,12.0,13.471428571428573,12.87142857142857
1986-01-07,13.1,1,7,1,12.6,14.4,13.1,12.942857142857141,12.914285714285713
1986-01-08,15.4,1,8,2,13.1,12.9,13.2,12.757142857142856,12.914285714285713
1986-01-09,11.9,1,9,3,15.4,13.8,13.3,13.114285714285714,13.071428571428571
1986-01-10,13.8,1,10,4,11.9,10.6,11.5,12.842857142857143,12.971428571428572
1986-01-11,14.4,1,11,5,13.8,12.6,10.8,13.3,13.135714285714286
1986-01-12,15.2,1,12,6,14.4,13.7,12.0,13.557142857142855,13.392857142857142
1986-01-13,12.5,1,13,0,15.2,12.6,16.3,13.77142857142857,13.621428571428572
1986-01-14,12.2,1,14,1,12.5,13.1,14.4,13.757142857142856,13.35
1986-01-15,16.1,1,15,2,12.2,15.4,12.9,13.62857142857143,13.192857142857141
1986-01-16,14.6,1,16,3,16.1,11.9,13.8,13.728571428571428,13.421428571428569
1986-01-17,11.6,1,17,4,14.6,13.8,10.6,14.114285714285714,13.47857142857143
1986-01-18,13.1,1,18,5,11.6,14.4,12.6,13.799999999999999,13.55
1986-01-19,12.8,1,19,6,13.1,15.2,13.7,13.614285714285716,13.585714285714285
1986-01-20,15.2,1,20,0,12.8,12.5,12.6,13.271428571428572,13.521428571428572
1986-01-21,13.8,1,21,1,15.2,12.2,13.1,13.657142857142858,13.707142857142857
1986-01-22,15.0,1,22,2,13.8,16.1,15.4,13.885714285714286,13.757142857142858
1986-01-23,13.5,1,23,3,15.0,14.6,11.9,13.728571428571428,13.72857142857143
1986-01-24,11.8,1,24,4,13.5,11.6,13.8,13.571428571428571,13.842857142857143
1986-01-25,15.3,1,25,5,11.8,13.1,14.4,13.6,13.7
1986-01-26,13.5,1,26,6,15.3,12.8,15.2,13.914285714285713,13.764285714285716
1986-01-27,15.3,1,27,0,13.5,15.2,12.5,14.014285714285714,13.642857142857142
1986-01-28,13.8,1,28,1,15.3,13.8,12.2,14.028571428571428,13.842857142857143
1986-01-29,15.8,1,29,2,13.8,15.0,16.1,14.028571428571428,13.957142857142857
1986-01-30,17.4,1,30,3,15.8,13.5,14.6,14.142857142857142,13.935714285714287
1986-01-31,15.3,1,31,4,17.4,11.8,11.6,14.700000000000001,14.135714285714284
1986-02-01,14.6,2,32,5,15.3,15.3,13.1,15.200000000000001,14.4
1986-02-02,14.8,2,33,6,14.6,13.5,12.8,15.1,14.507142857142856
1986-02-03,10.7,2,34,0,14.8,15.3,15.2,15.285714285714286,14.65
1986-02-04,11.6,2,35,1,10.7,13.8,13.8,14.628571428571428,14.328571428571427
1986-02-05,13.6,2,36,2,11.6,15.8,15.0,14.314285714285713,14.171428571428569
1986-02-06,14.4,2,37,3,13.6,17.4,13.5,14.0,14.071428571428571
1986-02-07,11.8,2,38,4,14.4,15.3,11.8,13.571428571428571,14.135714285714284
1986-02-08,15.8,2,39,5,11.8,14.6,15.3,13.071428571428571,14.135714285714286
1986-02-09,16.0,2,40,6,15.8,14.8,13.5,13.242857142857144,14.171428571428573
1986-02-10,11.8,2,41,0,16.0,10.7,15.3,13.414285714285715,14.35
1986-02-11,14.5,2,42,1,11.8,11.6,13.8,13.571428571428571,14.099999999999998
1986-02-12,10.7,2,43,2,14.5,13.6,15.8,13.985714285714286,14.15
1986-02-13,14.2,2,44,3,10.7,14.4,17.4,13.571428571428571,13.785714285714286
1986-02-14,19.5,2,45,4,14.2,11.8,15.3,13.542857142857143,13.557142857142859
1986-02-15,21.4,2,46,5,19.5,15.8,14.6,14.642857142857142,13.857142857142858
1986-02-16,17.9,2,47,6,21.4,16.0,14.8,15.442857142857141,14.342857142857143
1986-02-17,17.4,2,48,0,17.9,11.8,10.7,15.714285714285714,14.564285714285715
1986-02-18,12.7,2,49,1,17.4,14.5,11.6,16.514285714285712,15.042857142857143
1986-02-19,13.8,2,50,2,12.7,10.7,13.6,16.257142857142856,15.121428571428572
1986-02-20,14.0,2,51,3,13.8,14.2,14.4,16.7,15.135714285714284
1986-02-21,15.0,2,52,4,14.0,19.5,11.8,16.67142857142857,15.107142857142858
1986-02-22,14.5,2,53,5,15.0,21.4,15.8,16.02857142857143,15.335714285714285
1986-02-23,13.1,2,54,6,14.5,17.9,16.0,15.042857142857143,15.242857142857142
1986-02-24,11.4,2,55,0,13.1,17.4,11.8,14.357142857142858,15.035714285714286
1986-02-25,12.5,2,56,1,11.4,12.7,14.5,13.5,15.007142857142856
1986-02-26,12.0,2,57,2,12.5,13.8,10.7,13.471428571428572,14.864285714285714
1986-02-27,13.4,2,58,3,12.0,14.0,14.2,13.214285714285714,14.957142857142856
1986-02-28,14.4,2,59,4,13.4,15.0,19.5,13.12857142857143,14.9
1986-03-01,17.7,3,60,5,14.4,14.5,21.4,13.042857142857144,14.535714285714286
1986-03-02,13.9,3,61,6,17.7,13.1,17.9,13.5,14.27142857142857
1986-03-03,13.3,3,62,0,13.9,11.4,17.4,13.614285714285714,13.985714285714284
1986-03-04,14.6,3,63,1,13.3,12.5,12.7,13.885714285714286,13.692857142857145
1986-03-05,16.4,3,64,2,14.6,12.0,13.8,14.185714285714287,13.828571428571427
1986-03-06,16.8,3,65,3,16.4,13.4,14.0,14.814285714285715,14.014285714285716
1986-03-07,20.0,3,66,4,16.8,14.4,15.0,15.299999999999999,14.214285714285714
1986-03-08,12.5,3,67,5,20.0,17.7,14.5,16.099999999999998,14.571428571428571
1986-03-09,12.7,3,68,6,12.5,13.9,13.1,15.357142857142858,14.428571428571429
1986-03-10,11.7,3,69,0,12.7,13.3,11.4,15.185714285714285,14.4
1986-03-11,12.7,3,70,1,11.7,14.6,12.5,14.957142857142857,14.421428571428573
1986-03-12,8.6,3,71,2,12.7,16.4,12.0,14.685714285714283,14.435714285714287
1986-03-13,11.9,3,72,3,8.6,16.8,13.4,13.571428571428571,14.192857142857145
1986-03-14,16.0,3,73,4,11.9,20.0,14.4,12.87142857142857,14.085714285714285
1986-03-15,15.2,3,74,5,16.0,12.5,17.7,12.299999999999999,14.200000000000001
1986-03-16,13.4,3,75,6,15.2,12.7,13.9,12.685714285714285,14.021428571428572
1986-03-17,11.6,3,76,0,13.4,11.7,13.3,12.785714285714286,13.985714285714286
1986-03-18,11.1,3,77,1,11.6,12.7,14.6,12.77142857142857,13.864285714285714
1986-03-19,15.6,3,78,2,11.1,8.6,16.4,12.542857142857143,13.614285714285714
1986-03-20,17.0,3,79,3,15.6,11.9,16.8,13.542857142857143,13.557142857142855
1986-03-21,18.5,3,80,4,17.0,16.0,20.0,14.271428571428572,13.571428571428571
1986-03-22,17.4,3,81,5,18.5,15.2,12.5,14.62857142857143,13.464285714285714
1986-03-23,16.5,3,82,6,17.4,13.4,12.7,14.942857142857141,13.814285714285715
1986-03-24,16.2,3,83,0,16.5,11.6,11.7,15.385714285714284,14.085714285714285
1986-03-25,16.1,3,84,1,16.2,11.1,12.7,16.04285714285714,14.407142857142857
1986-03-26,13.2,3,85,2,16.1,15.6,8.6,16.757142857142856,14.650000000000002
1986-03-27,18.0,3,86,3,13.2,17.0,11.9,16.414285714285715,14.978571428571428
1986-03-28,12.8,3,87,4,18.0,18.5,16.0,16.557142857142857,15.414285714285715
1986-03-29,11.7,3,88,5,12.8,17.4,15.2,15.742857142857144,15.185714285714287
1986-03-30,16.7,3,89,6,11.7,16.5,13.4,14.928571428571429,14.935714285714285
1986-03-31,15.6,3,90,0,16.7,16.2,11.6,14.957142857142857,15.171428571428569
1986-04-01,10.2,4,91,1,15.6,16.1,11.1,14.871428571428572,15.457142857142857
1986-04-02,10.3,4,92,2,10.2,13.2,15.6,14.028571428571427,15.392857142857142
1986-04-03,15.0,4,93,3,10.3,18.0,17.0,13.614285714285716,15.014285714285716
1986-04-04,18.0,4,94,4,15.0,12.8,18.5,13.185714285714287,14.871428571428572
1986-04-05,13.8,4,95,5,18.0,11.7,17.4,13.928571428571429,14.835714285714285
1986-04-06,10.5,4,96,6,13.8,16.7,16.5,14.22857142857143,14.578571428571427
1986-04-07,11.8,4,97,0,10.5,15.6,16.2,13.342857142857143,14.15
1986-04-08,7.2,4,98,1,11.8,10.2,16.1,12.799999999999999,13.835714285714287
1986-04-09,11.6,4,99,2,7.2,10.3,13.2,12.371428571428572,13.2
1986-04-10,7.4,4,100,3,11.6,15.0,18.0,12.557142857142855,13.085714285714285
1986-04-11,14.2,4,101,4,7.4,18.0,12.8,11.471428571428572,12.328571428571427
1986-04-12,12.2,4,102,5,14.2,13.8,11.7,10.928571428571429,12.428571428571429
1986-04-13,9.0,4,103,6,12.2,10.5,16.7,10.700000000000001,12.464285714285714
1986-04-14,12.3,4,104,0,9.0,11.8,15.6,10.485714285714286,11.914285714285715
1986-04-15,19.7,4,105,1,12.3,7.2,10.2,10.557142857142859,11.678571428571429
1986-04-16,12.8,4,106,2,19.7,11.6,10.3,12.342857142857143,12.357142857142858
1986-04-17,12.4,4,107,3,12.8,7.4,15.0,12.514285714285716,12.535714285714286
1986-04-18,12.0,4,108,4,12.4,14.2,18.0,13.228571428571428,12.349999999999998
1986-04-19,12.0,4,109,5,12.0,12.2,13.8,12.914285714285713,11.921428571428569
1986-04-20,11.1,4,110,6,12.0,9.0,10.5,12.885714285714286,11.792857142857143
1986-04-21,12.7,4,111,0,11.1,12.3,11.8,13.185714285714287,11.835714285714287
1986-04-22,14.2,4,112,1,12.7,19.7,7.2,13.242857142857142,11.9
1986-04-23,11.6,4,113,2,14.2,12.8,11.6,12.457142857142857,12.4
1986-04-24,12.0,4,114,3,11.6,12.4,7.4,12.285714285714286,12.400000000000002
1986-04-25,11.5,4,115,4,12.0,12.0,14.2,12.22857142857143,12.72857142857143
1986-04-26,8.3,4,116,5,11.5,12.0,12.2,12.157142857142858,12.535714285714286
1986-04-27,10.5,4,117,6,8.3,11.1,9.0,11.62857142857143,12.257142857142856
1986-04-28,9.0,4,118,0,10.5,12.7,12.3,11.542857142857143,12.364285714285714
1986-04-29,6.9,4,119,1,9.0,14.2,19.7,11.014285714285714,12.128571428571428
1986-04-30,9.4,4,120,2,6.9,11.6,12.8,9.971428571428573,11.214285714285714
1986-05-01,11.1,5,121,3,9.4,12.0,12.4,9.657142857142858,10.971428571428572
1986-05-02,9.1,5,122,4,11.1,11.5,12.0,9.528571428571428,10.87857142857143
1986-05-03,7.7,5,123,5,9.1,8.3,12.0,9.185714285714285,10.671428571428573
1986-05-04,10.0,5,124,6,7.7,10.5,11.1,9.1,10.364285714285716
1986-05-05,10.4,5,125,0,10.0,9.0,12.7,9.028571428571428,10.285714285714286
1986-05-06,8.0,5,126,1,10.4,6.9,14.2,9.228571428571428,10.12142857142857
1986-05-07,9.8,5,127,2,8.0,9.4,11.6,9.385714285714286,9.678571428571429
1986-05-08,12.4,5,128,3,9.8,11.1,12.0,9.442857142857145,9.55
1986-05-09,12.9,5,129,4,12.4,9.1,11.5,9.62857142857143,9.578571428571427
1986-05-10,12.3,5,130,5,12.9,7.7,8.3,10.171428571428573,9.678571428571429
1986-05-11,6.9,5,131,6,12.3,10.0,10.5,10.828571428571431,9.964285714285714
1986-05-12,10.5,5,132,0,6.9,10.4,9.0,10.385714285714286,9.707142857142857
1986-05-13,11.0,5,133,1,10.5,8.0,6.9,10.4,9.814285714285715
1986-05-14,9.7,5,134,2,11.0,9.8,9.4,10.828571428571427,10.107142857142858
1986-05-15,11.1,5,135,3,9.7,12.4,11.1,10.814285714285715,10.12857142857143
1986-05-16,11.5,5,136,4,11.1,12.9,9.1,10.628571428571428,10.12857142857143
1986-05-17,13.4,5,137,5,11.5,12.3,7.7,10.428571428571429,10.3
1986-05-18,10.9,5,138,6,13.4,6.9,10.0,10.585714285714285,10.707142857142856
1986-05-19,12.0,5,139,0,10.9,10.5,10.4,11.157142857142857,10.77142857142857
1986-05-20,12.1,5,140,1,12.0,11.0,8.0,11.37142857142857,10.885714285714286
1986-05-21,10.4,5,141,2,12.1,9.7,9.8,11.528571428571427,11.178571428571429
1986-05-22,10.0,5,142,3,10.4,11.1,12.4,11.62857142857143,11.221428571428572
1986-05-23,9.6,5,143,4,10.0,11.5,12.9,11.471428571428572,11.049999999999999
1986-05-24,11.3,5,144,5,9.6,13.4,12.3,11.200000000000001,10.814285714285713
1986-05-25,8.5,5,145,6,11.3,10.9,6.9,10.9,10.742857142857144
1986-05-26,6.3,5,146,0,8.5,12.0,10.5,10.557142857142859,10.857142857142858
1986-05-27,8.2,5,147,1,6.3,12.1,11.0,9.742857142857144,10.557142857142859
1986-05-28,10.7,5,148,2,8.2,10.4,9.7,9.185714285714285,10.357142857142858
1986-05-29,10.3,5,149,3,10.7,10.0,11.1,9.228571428571428,10.428571428571429
1986-05-30,9.5,5,150,4,10.3,9.6,11.5,9.271428571428572,10.37142857142857
1986-05-31,10.9,5,151,5,9.5,11.3,13.4,9.257142857142856,10.228571428571428
1986-06-01,10.9,6,152,6,10.9,8.5,10.9,9.200000000000001,10.05
1986-06-02,4.3,6,153,0,10.9,6.3,12.0,9.542857142857144,10.05
1986-06-03,5.2,6,154,1,4.3,8.2,12.1,9.257142857142856,9.5
1986-06-04,11.0,6,155,2,5.2,10.7,10.4,8.828571428571427,9.007142857142856
1986-06-05,11.6,6,156,3,11.0,10.3,10.0,8.871428571428572,9.049999999999999
1986-06-06,10.6,6,157,4,11.6,9.5,9.6,9.057142857142857,9.164285714285713
1986-06-07,9.4,6,158,5,10.6,10.9,11.3,9.214285714285714,9.235714285714286
1986-06-08,10.0,6,159,6,9.4,10.9,8.5,9.0,9.1
1986-06-09,9.6,6,160,0,10.0,4.3,6.3,8.871428571428572,9.207142857142857
1986-06-10,9.5,6,161,1,9.6,5.2,8.2,9.62857142857143,9.442857142857145
1986-06-11,9.7,6,162,2,9.5,11.0,10.7,10.242857142857144,9.535714285714286
1986-06-12,9.6,6,163,3,9.7,11.6,10.3,10.057142857142859,9.464285714285714
1986-06-13,7.0,6,164,4,9.6,10.6,9.5,9.77142857142857,9.414285714285715
1986-06-14,7.0,6,165,5,7.0,9.4,10.9,9.257142857142856,9.235714285714286
1986-06-15,6.8,6,166,6,7.0,10.0,10.9,8.914285714285715,8.957142857142857
1986-06-16,6.9,6,167,0,6.8,9.6,4.3,8.457142857142857,8.664285714285715
1986-06-17,8.0,6,168,1,6.9,9.5,5.2,8.071428571428571,8.85
1986-06-18,7.6,6,169,2,8.0,9.7,11.0,7.857142857142857,9.049999999999999
1986-06-19,8.6,6,170,3,7.6,9.6,11.6,7.557142857142857,8.807142857142857
1986-06-20,5.7,6,171,4,8.6,7.0,10.6,7.414285714285714,8.592857142857143
1986-06-21,5.5,6,172,5,5.7,7.0,9.4,7.228571428571429,8.242857142857144
1986-06-22,5.7,6,173,6,5.5,6.8,10.0,7.014285714285714,7.964285714285714
1986-06-23,5.7,6,174,0,5.7,6.9,9.6,6.857142857142857,7.6571428571428575
1986-06-24,6.6,6,175,1,5.7,8.0,9.5,6.685714285714286,7.378571428571428
1986-06-25,6.0,6,176,2,6.6,7.6,9.7,6.485714285714286,7.171428571428572
1986-06-26,6.9,6,177,3,6.0,8.6,9.6,6.257142857142858,6.9071428571428575
1986-06-27,7.7,6,178,4,6.9,5.7,7.0,6.014285714285714,6.714285714285714
1986-06-28,8.0,6,179,5,7.7,5.5,7.0,6.299999999999999,6.764285714285714
1986-06-29,3.9,6,180,6,8.0,5.7,6.8,6.657142857142857,6.835714285714286
1986-06-30,0.8,6,181,0,3.9,5.7,6.9,6.4,6.628571428571428
1986-07-01,2.8,7,182,1,0.8,6.6,8.0,5.7,6.192857142857143
1986-07-02,8.0,7,183,2,2.8,6.0,7.6,5.157142857142857,5.821428571428571
1986-07-03,9.8,7,184,3,8.0,6.9,8.6,5.442857142857143,5.85
1986-07-04,11.4,7,185,4,9.8,7.7,5.7,5.857142857142857,5.935714285714285
1986-07-05,8.6,7,186,5,11.4,8.0,5.5,6.385714285714285,6.3428571428571425
1986-07-06,5.2,7,187,6,8.6,3.9,5.7,6.471428571428572,6.564285714285715
1986-07-07,6.6,7,188,0,5.2,0.8,5.7,6.6571428571428575,6.528571428571428
1986-07-08,5.7,7,189,1,6.6,2.8,6.6,7.485714285714286,6.592857142857143
1986-07-09,4.6,7,190,2,5.7,8.0,6.0,7.8999999999999995,6.528571428571429
1986-07-10,5.8,7,191,3,4.6,9.8,6.9,7.414285714285714,6.428571428571429
1986-07-11,7.0,7,192,4,5.8,11.4,7.7,6.8428571428571425,6.3500000000000005
1986-07-12,4.8,7,193,5,7.0,8.6,8.0,6.214285714285714,6.3
1986-07-13,4.4,7,194,6,4.8,5.2,3.9,5.671428571428572,6.071428571428571
1986-07-14,4.4,7,195,0,4.4,6.6,0.8,5.557142857142857,6.107142857142857
1986-07-15,7.9,7,196,1,4.4,5.7,2.8,5.242857142857143,6.364285714285714
1986-07-16,10.6,7,197,2,7.9,4.6,8.0,5.557142857142857,6.728571428571429
1986-07-17,5.0,7,198,3,10.6,5.8,9.8,6.414285714285714,6.9142857142857155
1986-07-18,7.6,7,199,4,5.0,7.0,11.4,6.3,6.571428571428571
1986-07-19,9.2,7,200,5,7.6,4.8,8.6,6.385714285714286,6.3
1986-07-20,9.7,7,201,6,9.2,4.4,5.2,7.014285714285714,6.3428571428571425
1986-07-21,8.8,7,202,0,9.7,4.4,6.6,7.771428571428571,6.664285714285714
1986-07-22,6.8,7,203,1,8.8,7.9,5.7,8.4,6.821428571428571
1986-07-23,9.4,7,204,2,6.8,10.6,4.6,8.242857142857144,6.9
1986-07-24,11.0,7,205,3,9.4,5.0,5.8,8.071428571428571,7.242857142857143
1986-07-25,2.5,7,206,4,11.0,7.6,7.0,8.928571428571429,7.614285714285714
1986-07-26,2.1,7,207,5,2.5,9.2,4.8,8.2,7.292857142857143
1986-07-27,5.4,7,208,6,2.1,9.7,4.4,7.185714285714286,7.1000000000000005
1986-07-28,6.2,7,209,0,5.4,8.8,4.4,6.571428571428571,7.171428571428572
1986-07-29,7.8,7,210,1,6.2,6.8,7.9,6.200000000000001,7.299999999999999
1986-07-30,7.4,7,211,2,7.8,9.4,10.6,6.3428571428571425,7.292857142857143
1986-07-31,9.3,7,212,3,7.4,11.0,5.0,6.057142857142857,7.064285714285715
1986-08-01,9.3,8,213,4,9.3,2.5,7.6,5.814285714285715,7.371428571428572
1986-08-02,9.5,8,214,5,9.3,2.1,9.2,6.785714285714286,7.492857142857143
1986-08-03,8.5,8,215,6,9.5,5.4,9.7,7.8428571428571425,7.514285714285714
1986-08-04,10.0,8,216,0,8.5,6.2,8.8,8.285714285714286,7.42857142857143
1986-08-05,7.7,8,217,1,10.0,7.8,6.8,8.828571428571427,7.514285714285714
1986-08-06,9.3,8,218,2,7.7,7.4,9.4,8.814285714285715,7.578571428571428
1986-08-07,9.1,8,219,3,9.3,9.3,11.0,9.085714285714287,7.571428571428571
1986-08-08,3.5,8,220,4,9.1,9.3,2.5,9.057142857142857,7.435714285714285
1986-08-09,3.6,8,221,5,3.5,9.5,2.1,8.22857142857143,7.507142857142857
1986-08-10,2.5,8,222,6,3.6,8.5,5.4,7.385714285714286,7.614285714285715
1986-08-11,1.7,8,223,0,2.5,10.0,6.2,6.528571428571429,7.407142857142858
1986-08-12,2.7,8,224,1,1.7,7.7,7.8,5.342857142857143,7.085714285714286
1986-08-13,2.9,8,225,2,2.7,9.3,7.4,4.628571428571428,6.721428571428572
1986-08-14,5.3,8,226,3,2.9,9.1,9.3,3.7142857142857144,6.4
1986-08-15,7.7,8,227,4,5.3,3.5,9.3,3.171428571428571,6.114285714285715
1986-08-16,9.1,8,228,5,7.7,3.6,9.5,3.7714285714285714,6.0
1986-08-17,9.4,8,229,6,9.1,2.5,8.5,4.557142857142857,5.971428571428571
1986-08-18,7.3,8,230,0,9.4,1.7,10.0,5.542857142857143,6.035714285714286
1986-08-19,8.4,8,231,1,7.3,2.7,7.7,6.3428571428571425,5.8428571428571425
1986-08-20,9.2,8,232,2,8.4,2.9,9.3,7.1571428571428575,5.892857142857143
1986-08-21,6.6,8,233,3,9.2,5.3,9.1,8.057142857142859,5.885714285714285
1986-08-22,9.7,8,234,4,6.6,7.7,3.5,8.242857142857142,5.707142857142857
1986-08-23,12.4,8,235,5,9.7,9.1,3.6,8.528571428571428,6.1499999999999995
1986-08-24,10.2,8,236,6,12.4,9.4,2.5,9.0,6.778571428571428
1986-08-25,5.9,8,237,0,10.2,7.3,1.7,9.114285714285714,7.328571428571428
1986-08-26,7.1,8,238,1,5.9,8.4,2.7,8.914285714285715,7.628571428571428
1986-08-27,7.5,8,239,2,7.1,9.2,2.9,8.728571428571428,7.942857142857143
1986-08-28,9.7,8,240,3,7.5,6.6,5.3,8.485714285714284,8.27142857142857
1986-08-29,12.2,8,241,4,9.7,9.7,7.7,8.928571428571429,8.585714285714285
1986-08-30,5.6,8,242,5,12.2,12.4,9.1,9.285714285714286,8.907142857142857
1986-08-31,5.4,8,243,6,5.6,10.2,9.4,8.314285714285713,8.657142857142857
1986-09-01,8.3,9,244,0,5.4,5.9,7.3,7.628571428571429,8.37142857142857
1986-09-02,10.6,9,245,1,8.3,7.1,8.4,7.971428571428571,8.442857142857141
1986-09-03,9.1,9,246,2,10.6,7.5,9.2,8.471428571428572,8.6
1986-09-04,11.3,9,247,3,9.1,9.7,6.6,8.7,8.592857142857143
1986-09-05,10.9,9,248,4,11.3,12.2,9.7,8.928571428571429,8.928571428571429
1986-09-06,8.9,9,249,5,10.9,5.6,12.4,8.742857142857142,9.014285714285714
1986-09-07,6.3,9,250,6,8.9,5.4,10.2,9.214285714285714,8.764285714285714
1986-09-08,9.0,9,251,0,6.3,8.3,5.9,9.342857142857142,8.485714285714286
1986-09-09,6.1,9,252,1,9.0,10.6,7.1,9.442857142857141,8.707142857142857
1986-09-10,9.1,9,253,2,6.1,9.1,7.5,8.8,8.635714285714284
1986-09-11,9.6,9,254,3,9.1,11.3,9.7,8.799999999999999,8.75
1986-09-12,6.0,9,255,4,9.6,10.9,12.2,8.557142857142857,8.742857142857144
1986-09-13,10.0,9,256,5,6.0,8.9,5.6,7.857142857142857,8.3
1986-09-14,11.0,9,257,6,10.0,6.3,5.4,8.014285714285714,8.614285714285714
1986-09-15,6.2,9,258,0,11.0,9.0,8.3,8.685714285714285,9.014285714285714
1986-09-16,8.3,9,259,1,6.2,6.1,10.6,8.285714285714286,8.864285714285716
1986-09-17,11.3,9,260,2,8.3,9.1,9.1,8.6,8.7
1986-09-18,11.3,9,261,3,11.3,9.6,11.3,8.914285714285715,8.857142857142858
1986-09-19,6.7,9,262,4,11.3,6.0,10.9,9.157142857142858,8.857142857142858
1986-09-20,6.6,9,263,5,6.7,10.0,8.9,9.257142857142858,8.557142857142859
1986-09-21,11.4,9,264,6,6.6,11.0,6.3,8.771428571428572,8.392857142857142
1986-09-22,6.9,9,265,0,11.4,6.2,9.0,8.82857142857143,8.757142857142856
1986-09-23,10.6,9,266,1,6.9,8.3,6.1,8.928571428571429,8.607142857142858
1986-09-24,8.6,9,267,2,10.6,11.3,9.1,9.257142857142858,8.928571428571429
1986-09-25,11.3,9,268,3,8.6,11.3,9.6,8.871428571428572,8.892857142857142
1986-09-26,12.5,9,269,4,11.3,6.7,6.0,8.87142857142857,9.014285714285714
1986-09-27,9.9,9,270,5,12.5,6.6,10.0,9.700000000000001,9.47857142857143
1986-09-28,6.9,9,271,6,9.9,11.4,11.0,10.171428571428573,9.471428571428572
1986-09-29,5.5,9,272,0,6.9,6.9,6.2,9.528571428571428,9.178571428571429
1986-09-30,7.8,9,273,1,5.5,10.6,8.3,9.328571428571427,9.128571428571428
1986-10-01,11.0,10,274,2,7.8,8.6,11.3,8.928571428571429,9.092857142857143
1986-10-02,16.2,10,275,3,11.0,11.3,11.3,9.271428571428572,9.071428571428571
1986-10-03,9.9,10,276,4,16.2,12.5,6.7,9.971428571428572,9.421428571428573
1986-10-04,8.7,10,277,5,9.9,9.9,6.6,9.6,9.65
1986-10-05,10.5,10,278,6,8.7,6.9,11.4,9.428571428571429,9.799999999999999
1986-10-06,12.2,10,279,0,10.5,5.5,6.9,9.942857142857141,9.735714285714284
1986-10-07,10.6,10,280,1,12.2,7.8,10.6,10.9,10.114285714285714
1986-10-08,8.3,10,281,2,10.6,11.0,8.6,11.299999999999999,10.114285714285714
1986-10-09,5.5,10,282,3,8.3,16.2,11.3,10.914285714285715,10.092857142857143
1986-10-10,9.0,10,283,4,5.5,9.9,12.5,9.385714285714284,9.678571428571429
1986-10-11,6.4,10,284,5,9.0,8.7,9.9,9.257142857142856,9.428571428571429
1986-10-12,7.2,10,285,6,6.4,10.5,6.9,8.928571428571429,9.178571428571429
1986-10-13,12.9,10,286,0,7.2,12.2,5.5,8.457142857142857,9.200000000000001
1986-10-14,12.0,10,287,1,12.9,10.6,7.8,8.557142857142857,9.728571428571428
1986-10-15,7.3,10,288,2,12.0,8.3,11.0,8.757142857142856,10.028571428571427
1986-10-16,9.7,10,289,3,7.3,5.5,16.2,8.614285714285714,9.764285714285714
1986-10-17,8.4,10,290,4,9.7,9.0,9.9,9.214285714285714,9.299999999999999
1986-10-18,14.7,10,291,5,8.4,6.4,8.7,9.128571428571428,9.192857142857141
1986-10-19,9.5,10,292,6,14.7,7.2,10.5,10.314285714285715,9.62142857142857
1986-10-20,7.9,10,293,0,9.5,12.9,12.2,10.642857142857142,9.549999999999999
1986-10-21,6.8,10,294,1,7.9,12.0,10.6,9.928571428571429,9.242857142857144
1986-10-22,12.6,10,295,2,6.8,7.3,8.3,9.185714285714285,8.971428571428572
1986-10-23,5.2,10,296,3,12.6,9.7,5.5,9.942857142857141,9.278571428571428
1986-10-24,7.5,10,297,4,5.2,8.4,9.0,9.299999999999999,9.257142857142856
1986-10-25,8.7,10,298,5,7.5,14.7,6.4,9.171428571428573,9.15
1986-10-26,7.6,10,299,6,8.7,9.5,7.2,8.314285714285713,9.314285714285713
1986-10-27,9.0,10,300,0,7.6,7.9,12.9,8.042857142857143,9.342857142857143
1986-10-28,7.2,10,301,1,9.0,6.8,12.0,8.2,9.064285714285713
1986-10-29,10.7,10,302,2,7.2,12.6,7.3,8.257142857142856,8.721428571428572
1986-10-30,13.1,10,303,3,10.7,5.2,9.7,7.985714285714286,8.964285714285714
1986-10-31,13.9,10,304,4,13.1,7.5,8.4,9.114285714285714,9.207142857142857
1986-11-01,10.8,11,305,5,13.9,8.7,14.7,10.028571428571427,9.599999999999998
1986-11-02,10.4,11,306,6,10.8,7.6,9.5,10.328571428571427,9.321428571428571
1986-11-03,9.1,11,307,0,10.4,9.0,7.9,10.72857142857143,9.385714285714286
1986-11-04,16.0,11,308,1,9.1,7.2,6.8,10.742857142857144,9.471428571428572
1986-11-05,21.0,11,309,2,16.0,10.7,12.6,12.0,10.12857142857143
1986-11-06,16.2,11,310,3,21.0,13.1,5.2,13.471428571428572,10.72857142857143
1986-11-07,8.6,11,311,4,16.2,13.9,7.5,13.914285714285715,11.514285714285714
1986-11-08,9.2,11,312,5,8.6,10.8,8.7,13.157142857142857,11.592857142857142
1986-11-09,12.5,11,313,6,9.2,10.4,7.6,12.928571428571429,11.62857142857143
1986-11-10,9.7,11,314,0,12.5,9.1,9.0,13.228571428571428,11.97857142857143
1986-11-11,12.5,11,315,1,9.7,16.0,7.2,13.314285714285715,12.028571428571428
1986-11-12,10.3,11,316,2,12.5,21.0,10.7,12.814285714285715,12.407142857142857
1986-11-13,12.0,11,317,3,10.3,16.2,13.1,11.285714285714286,12.37857142857143
1986-11-14,11.0,11,318,4,12.0,8.6,13.9,10.685714285714285,12.3
1986-11-15,14.8,11,319,5,11.0,9.2,10.8,11.028571428571428,12.092857142857143
1986-11-16,15.0,11,320,6,14.8,12.5,10.4,11.828571428571427,12.378571428571428
1986-11-17,15.3,11,321,0,15.0,9.7,9.1,12.185714285714285,12.707142857142857
1986-11-18,10.3,11,322,1,15.3,12.5,16.0,12.985714285714286,13.15
1986-11-19,10.7,11,323,2,10.3,10.3,21.0,12.671428571428573,12.742857142857142
1986-11-20,10.5,11,324,3,10.7,12.0,16.2,12.72857142857143,12.007142857142856
1986-11-21,8.9,11,325,4,10.5,11.0,8.6,12.514285714285716,11.6
1986-11-22,8.1,11,326,5,8.9,14.8,9.2,12.214285714285714,11.621428571428572
1986-11-23,11.5,11,327,6,8.1,15.0,12.5,11.257142857142858,11.542857142857143
1986-11-24,12.8,11,328,0,11.5,15.3,9.7,10.757142857142856,11.471428571428572
1986-11-25,9.1,11,329,1,12.8,10.3,12.5,10.4,11.692857142857141
1986-11-26,14.6,11,330,2,9.1,10.7,10.3,10.228571428571428,11.450000000000001
1986-11-27,11.6,11,331,3,14.6,10.5,12.0,10.785714285714286,11.757142857142856
1986-11-28,11.2,11,332,4,11.6,8.9,11.0,10.942857142857141,11.728571428571428
1986-11-29,12.6,11,333,5,11.2,8.1,14.8,11.27142857142857,11.742857142857142
1986-11-30,7.5,11,334,6,12.6,11.5,15.0,11.914285714285715,11.585714285714287
1986-12-01,11.0,12,335,0,7.5,12.8,15.3,11.342857142857143,11.05
1986-12-02,14.5,12,336,1,11.0,9.1,10.3,11.085714285714287,10.742857142857144
1986-12-03,18.5,12,337,2,14.5,14.6,10.7,11.857142857142858,11.042857142857144
1986-12-04,15.4,12,338,3,18.5,11.6,10.5,12.414285714285715,11.599999999999998
1986-12-05,13.1,12,339,4,15.4,11.2,8.9,12.957142857142857,11.95
1986-12-06,16.3,12,340,5,13.1,12.6,8.1,13.228571428571428,12.25
1986-12-07,20.2,12,341,6,16.3,7.5,11.5,13.757142857142856,12.835714285714285
1986-12-08,11.5,12,342,0,20.2,11.0,12.8,15.571428571428571,13.457142857142856
1986-12-09,12.4,12,343,1,11.5,14.5,9.1,15.642857142857142,13.364285714285716
1986-12-10,10.9,12,344,2,12.4,18.5,14.6,15.342857142857142,13.599999999999998
1986-12-11,12.7,12,345,3,10.9,15.4,11.6,14.257142857142858,13.335714285714285
1986-12-12,12.2,12,346,4,12.7,13.1,11.2,13.87142857142857,13.414285714285715
1986-12-13,12.4,12,347,5,12.2,16.3,12.6,13.742857142857144,13.485714285714286
1986-12-14,9.8,12,348,6,12.4,20.2,7.5,13.185714285714285,13.471428571428572
1986-12-15,8.5,12,349,0,9.8,11.5,11.0,11.7,13.635714285714284
1986-12-16,14.7,12,350,1,8.5,12.4,14.5,11.271428571428572,13.457142857142856
1986-12-17,12.0,12,351,2,14.7,10.9,18.5,11.6,13.471428571428572
1986-12-18,10.3,12,352,3,12.0,12.7,15.4,11.757142857142856,13.007142857142858
1986-12-19,11.0,12,353,4,10.3,12.2,13.1,11.414285714285713,12.642857142857142
1986-12-20,10.2,12,354,5,11.0,12.4,16.3,11.242857142857144,12.492857142857142
1986-12-21,12.6,12,355,6,10.2,9.8,20.2,10.928571428571429,12.057142857142859
1986-12-22,11.6,12,356,0,12.6,8.5,11.5,11.328571428571427,11.514285714285716
1986-12-23,9.7,12,357,1,11.6,14.7,12.4,11.771428571428572,11.52142857142857
1986-12-24,13.4,12,358,2,9.7,12.0,10.9,11.057142857142855,11.328571428571427
1986-12-25,10.5,12,359,3,13.4,10.3,12.7,11.257142857142856,11.507142857142856
1986-12-26,14.7,12,360,4,10.5,11.0,12.2,11.285714285714286,11.349999999999998
1986-12-27,14.6,12,361,5,14.7,10.2,12.4,11.814285714285715,11.528571428571428
1986-12-28,14.2,12,362,6,14.6,12.6,9.8,12.442857142857141,11.685714285714285
1986-12-29,13.2,12,363,0,14.2,11.6,8.5,12.671428571428573,12.0
1986-12-30,11.7,12,364,1,13.2,9.7,14.7,12.9,12.335714285714287
1986-12-31,17.2,12,365,2,11.7,13.4,12.0,13.185714285714285,12.12142857142857
1987-01-01,12.3,1,1,3,17.2,10.5,10.3,13.728571428571428,12.492857142857142
1987-01-02,13.8,1,2,4,12.3,14.7,11.0,13.985714285714284,12.635714285714286
1987-01-03,15.3,1,3,5,13.8,14.6,10.2,13.857142857142858,12.835714285714285
1987-01-04,15.6,1,4,6,15.3,14.2,12.6,13.957142857142857,13.2
1987-01-05,16.2,1,5,0,15.6,13.2,11.6,14.157142857142857,13.414285714285713
1987-01-06,16.3,1,6,1,16.2,11.7,9.7,14.585714285714285,13.742857142857144
1987-01-07,16.8,1,7,2,16.3,17.2,13.4,15.242857142857144,14.214285714285714
1987-01-08,11.0,1,8,3,16.8,12.3,10.5,15.185714285714287,14.457142857142857
1987-01-09,8.5,1,9,4,11.0,13.8,14.7,15.0,14.492857142857144
1987-01-10,13.2,1,10,5,8.5,15.3,14.6,14.242857142857142,14.049999999999999
1987-01-11,13.0,1,11,6,13.2,15.6,14.2,13.942857142857141,13.95
1987-01-12,12.4,1,12,0,13.0,16.2,13.2,13.571428571428571,13.864285714285714
1987-01-13,13.0,1,13,1,12.4,16.3,11.7,13.028571428571428,13.807142857142855
1987-01-14,16.6,1,14,2,13.0,16.8,17.2,12.557142857142859,13.9
1987-01-15,12.0,1,15,3,16.6,11.0,12.3,12.528571428571427,13.857142857142858
1987-01-16,12.4,1,16,4,12.0,8.5,13.8,12.671428571428569,13.835714285714285
1987-01-17,15.0,1,17,5,12.4,13.2,15.3,13.228571428571428,13.735714285714284
1987-01-18,11.8,1,18,6,15.0,13.0,15.6,13.485714285714286,13.714285714285714
1987-01-19,11.6,1,19,0,11.8,12.4,16.2,13.314285714285715,13.442857142857145
1987-01-20,12.2,1,20,1,11.6,13.0,16.3,13.200000000000001,13.114285714285714
1987-01-21,13.7,1,21,2,12.2,16.6,16.8,13.085714285714285,12.821428571428571
1987-01-22,11.2,1,22,3,13.7,12.0,11.0,12.671428571428573,12.6
1987-01-23,12.4,1,23,4,11.2,12.4,8.5,12.557142857142855,12.614285714285714
1987-01-24,11.5,1,24,5,12.4,15.0,13.2,12.557142857142859,12.892857142857142
1987-01-25,13.8,1,25,6,11.5,11.8,13.0,12.057142857142859,12.771428571428572
1987-01-26,15.7,1,26,0,13.8,11.6,12.4,12.342857142857143,12.828571428571431
1987-01-27,12.9,1,27,1,15.7,12.2,13.0,12.928571428571429,13.064285714285715
1987-01-28,11.5,1,28,2,12.9,13.7,16.6,13.028571428571428,13.057142857142859
1987-01-29,11.0,1,29,3,11.5,11.2,12.0,12.714285714285714,12.692857142857141
1987-01-30,12.7,1,30,4,11.0,12.4,12.4,12.685714285714285,12.62142857142857
1987-01-31,14.9,1,31,5,12.7,11.5,15.0,12.728571428571428,12.642857142857142
1987-02-01,16.5,2,32,6,14.9,13.8,11.8,13.214285714285714,12.635714285714286
1987-02-02,12.8,2,33,0,16.5,15.7,11.6,13.599999999999998,12.971428571428572
1987-02-03,12.7,2,34,1,12.8,12.9,12.2,13.185714285714285,13.057142857142859
1987-02-04,12.7,2,35,2,12.7,11.5,13.7,13.157142857142857,13.092857142857143
1987-02-05,11.6,2,36,3,12.7,11.0,11.2,13.328571428571427,13.02142857142857
1987-02-06,13.3,2,37,4,11.6,12.7,12.4,13.414285714285715,13.05
1987-02-07,15.2,2,38,5,13.3,14.9,11.5,13.5,13.114285714285714
1987-02-08,16.4,2,39,6,15.2,16.5,13.8,13.542857142857143,13.37857142857143
1987-02-09,11.9,2,40,0,16.4,12.8,15.7,13.528571428571428,13.564285714285713
1987-02-10,15.1,2,41,1,11.9,12.7,12.9,13.4,13.292857142857143
1987-02-11,10.6,2,42,2,15.1,12.7,11.5,13.742857142857142,13.45
1987-02-12,13.6,2,43,3,10.6,11.6,11.0,13.442857142857141,13.385714285714284
1987-02-13,12.1,2,44,4,13.6,13.3,12.7,13.728571428571428,13.571428571428571
1987-02-14,16.0,2,45,5,12.1,15.2,14.9,13.557142857142855,13.528571428571428
1987-02-15,16.8,2,46,6,16.0,16.4,16.5,13.671428571428569,13.607142857142858
1987-02-16,16.6,2,47,0,16.8,11.9,12.8,13.728571428571428,13.62857142857143
1987-02-17,15.6,2,48,1,16.6,15.1,12.7,14.4,13.9
1987-02-18,15.2,2,49,2,15.6,10.6,12.7,14.471428571428572,14.107142857142858
1987-02-19,17.7,2,50,3,15.2,13.6,11.6,15.12857142857143,14.285714285714286
1987-02-20,21.0,2,51,4,17.7,12.1,13.3,15.714285714285714,14.721428571428572
1987-02-21,13.4,2,52,5,21.0,16.0,15.2,16.985714285714288,15.271428571428572
1987-02-22,10.5,2,53,6,13.4,16.8,16.4,16.614285714285714,15.142857142857142
1987-02-23,9.5,2,54,0,10.5,16.6,11.9,15.714285714285714,14.721428571428573
1987-02-24,12.0,2,55,1,9.5,15.6,15.1,14.7,14.55
1987-02-25,10.4,2,56,2,12.0,15.2,10.6,14.185714285714285,14.328571428571431
1987-02-26,11.5,2,57,3,10.4,17.7,13.6,13.5,14.314285714285715
1987-02-27,13.2,2,58,4,11.5,21.0,12.1,12.614285714285716,14.164285714285713
1987-02-28,15.0,2,59,5,13.2,13.4,16.0,11.5,14.242857142857144
1987-03-01,14.1,3,60,6,15.0,10.5,16.8,11.728571428571428,14.171428571428573
1987-03-02,12.4,3,61,0,14.1,9.5,16.6,12.242857142857144,13.97857142857143
1987-03-03,13.4,3,62,1,12.4,12.0,15.6,12.657142857142857,13.678571428571429
1987-03-04,12.5,3,63,2,13.4,10.4,15.2,12.857142857142858,13.521428571428572
1987-03-05,14.3,3,64,3,12.5,11.5,17.7,13.157142857142857,13.328571428571431
1987-03-06,17.6,3,65,4,14.3,13.2,21.0,13.557142857142855,13.085714285714285
1987-03-07,10.4,3,66,5,17.6,15.0,13.4,14.185714285714285,12.842857142857143
1987-03-08,9.9,3,67,6,10.4,14.1,10.5,13.52857142857143,12.628571428571428
1987-03-09,10.2,3,68,0,9.9,12.4,9.5,12.928571428571429,12.585714285714285
1987-03-10,11.3,3,69,1,10.2,13.4,12.0,12.614285714285714,12.635714285714284
1987-03-11,9.5,3,70,2,11.3,12.5,10.4,12.314285714285715,12.585714285714285
1987-03-12,11.8,3,71,3,9.5,14.3,11.5,11.885714285714286,12.521428571428572
1987-03-13,11.5,3,72,4,11.8,17.6,13.2,11.52857142857143,12.542857142857144
1987-03-14,10.5,3,73,5,11.5,10.4,15.0,10.657142857142857,12.421428571428573
1987-03-15,10.8,3,74,6,10.5,9.9,14.1,10.671428571428569,12.1
1987-03-16,13.0,3,75,0,10.8,10.2,12.4,10.8,11.864285714285714
1987-03-17,18.5,3,76,1,13.0,11.3,13.4,11.200000000000001,11.907142857142857
1987-03-18,18.7,3,77,2,18.5,9.5,12.5,12.22857142857143,12.27142857142857
1987-03-19,15.0,3,78,3,18.7,11.8,14.3,13.542857142857144,12.714285714285714
1987-03-20,13.0,3,79,4,15.0,11.5,17.6,14.0,12.764285714285716
1987-03-21,11.3,3,80,5,13.0,10.5,10.4,14.214285714285714,12.435714285714287
1987-03-22,13.0,3,81,6,11.3,10.8,9.9,14.328571428571427,12.5
1987-03-23,13.3,3,82,0,13.0,13.0,10.2,14.642857142857142,12.721428571428572
1987-03-24,11.0,3,83,1,13.3,18.5,11.3,14.685714285714285,12.942857142857141
1987-03-25,10.3,3,84,2,11.0,18.7,9.5,13.614285714285714,12.921428571428573
1987-03-26,13.0,3,85,3,10.3,15.0,11.8,12.414285714285713,12.97857142857143
1987-03-27,12.3,3,86,4,13.0,13.0,11.5,12.12857142857143,13.064285714285715
1987-03-28,15.6,3,87,5,12.3,11.3,10.5,12.02857142857143,13.12142857142857
1987-03-29,10.2,3,88,6,15.6,13.0,10.8,12.642857142857142,13.485714285714284
1987-03-30,10.8,3,89,0,10.2,13.3,13.0,12.242857142857144,13.442857142857145
1987-03-31,12.0,3,90,1,10.8,11.0,18.5,11.885714285714286,13.285714285714286
1987-04-01,13.3,4,91,2,12.0,10.3,18.7,12.028571428571428,12.821428571428571
1987-04-02,11.7,4,92,3,13.3,13.0,15.0,12.457142857142857,12.435714285714285
1987-04-03,12.5,4,93,4,11.7,12.3,13.0,12.271428571428572,12.2
1987-04-04,13.7,4,94,5,12.5,15.6,11.3,12.299999999999999,12.164285714285713
1987-04-05,14.9,4,95,6,13.7,10.2,13.0,12.028571428571428,12.335714285714287
1987-04-06,20.2,4,96,0,14.9,10.8,13.3,12.7,12.471428571428573
1987-04-07,16.3,4,97,1,20.2,12.0,11.0,14.042857142857143,12.964285714285714
1987-04-08,13.9,4,98,2,16.3,13.3,10.3,14.657142857142857,13.342857142857143
1987-04-09,10.1,4,99,3,13.9,11.7,13.0,14.742857142857144,13.599999999999998
1987-04-10,7.3,4,100,4,10.1,12.5,12.3,14.514285714285714,13.392857142857142
1987-04-11,14.0,4,101,5,7.3,13.7,15.6,13.77142857142857,13.035714285714286
1987-04-12,17.7,4,102,6,14.0,14.9,10.2,13.814285714285713,12.921428571428573
1987-04-13,16.3,4,103,0,17.7,20.2,10.8,14.214285714285714,13.457142857142857
1987-04-14,10.6,4,104,1,16.3,16.3,12.0,13.657142857142857,13.85
1987-04-15,9.7,4,105,2,10.6,13.9,13.3,12.842857142857143,13.75
1987-04-16,7.8,4,106,3,9.7,10.1,11.7,12.242857142857144,13.492857142857144
1987-04-17,10.4,4,107,4,7.8,7.3,12.5,11.914285714285715,13.214285714285714
1987-04-18,10.4,4,108,5,10.4,14.0,13.7,12.357142857142858,13.064285714285715
1987-04-19,14.1,4,109,6,10.4,17.7,14.9,11.842857142857143,12.828571428571427
1987-04-20,7.1,4,110,0,14.1,16.3,20.2,11.328571428571431,12.77142857142857
1987-04-21,8.1,4,111,1,7.1,10.6,16.3,10.014285714285714,11.835714285714285
1987-04-22,7.8,4,112,2,8.1,9.7,13.9,9.657142857142857,11.25
1987-04-23,10.6,4,113,3,7.8,7.8,10.1,9.385714285714286,10.814285714285715
1987-04-24,9.1,4,114,4,10.6,10.4,7.3,9.785714285714286,10.849999999999998
1987-04-25,9.0,4,115,5,9.1,10.4,14.0,9.6,10.97857142857143
1987-04-26,11.9,4,116,6,9.0,14.1,17.7,9.4,10.621428571428572
1987-04-27,17.1,4,117,0,11.9,7.1,16.3,9.085714285714285,10.207142857142856
1987-04-28,16.8,4,118,1,17.1,8.1,10.6,10.514285714285714,10.264285714285716
1987-04-29,13.5,4,119,2,16.8,7.8,9.7,11.757142857142858,10.707142857142857
1987-04-30,11.6,4,120,3,13.5,10.6,7.8,12.571428571428571,10.978571428571428
1987-05-01,7.0,5,121,4,11.6,9.1,10.4,12.714285714285714,11.25
1987-05-02,9.7,5,122,5,7.0,9.0,10.4,12.414285714285715,11.007142857142856
1987-05-03,9.9,5,123,6,9.7,11.9,14.1,12.514285714285716,10.957142857142857
1987-05-04,11.2,5,124,0,9.9,17.1,7.1,12.228571428571428,10.657142857142858
1987-05-05,11.3,5,125,1,11.2,16.8,8.1,11.385714285714286,10.950000000000001
1987-05-06,11.8,5,126,2,11.3,13.5,7.8,10.6,11.178571428571429
1987-05-07,9.9,5,127,3,11.8,11.6,10.6,10.357142857142858,11.464285714285714
1987-05-08,7.1,5,128,4,9.9,7.0,9.1,10.114285714285714,11.414285714285715
1987-05-09,9.6,5,129,5,7.1,9.7,9.0,10.12857142857143,11.27142857142857
1987-05-10,9.8,5,130,6,9.6,9.9,11.9,10.114285714285714,11.314285714285713
1987-05-11,10.6,5,131,0,9.8,11.2,17.1,10.1,11.164285714285715
1987-05-12,12.8,5,132,1,10.6,11.3,16.8,10.014285714285714,10.7
1987-05-13,16.5,5,133,2,12.8,11.8,13.5,10.22857142857143,10.414285714285715
1987-05-14,11.7,5,134,3,16.5,9.9,11.6,10.9,10.62857142857143
1987-05-15,12.3,5,135,4,11.7,7.1,7.0,11.157142857142857,10.635714285714286
1987-05-16,12.2,5,136,5,12.3,9.6,9.7,11.9,11.014285714285716
1987-05-17,11.8,5,137,6,12.2,9.8,9.9,12.271428571428572,11.192857142857141
1987-05-18,10.7,5,138,0,11.8,10.6,11.2,12.557142857142855,11.328571428571427
1987-05-19,10.2,5,139,1,10.7,12.8,11.3,12.571428571428571,11.292857142857143
1987-05-20,10.0,5,140,2,10.2,16.5,11.8,12.200000000000001,11.214285714285714
1987-05-21,8.3,5,141,3,10.0,11.7,9.9,11.271428571428572,11.085714285714287
1987-05-22,6.6,5,142,4,8.3,12.3,7.1,10.785714285714286,10.971428571428572
1987-05-23,9.5,5,143,5,6.6,12.2,9.6,9.971428571428572,10.935714285714285
1987-05-24,12.3,5,144,6,9.5,11.8,9.8,9.585714285714285,10.928571428571429
1987-05-25,7.6,5,145,0,12.3,10.7,10.6,9.657142857142858,11.107142857142858
1987-05-26,9.3,5,146,1,7.6,10.2,12.8,9.214285714285714,10.892857142857142
1987-05-27,5.0,5,147,2,9.3,10.0,16.5,9.085714285714285,10.642857142857142
1987-05-28,4.3,5,148,3,5.0,8.3,11.7,8.37142857142857,9.821428571428571
1987-05-29,6.4,5,149,4,4.3,6.6,12.3,7.8,9.292857142857143
1987-05-30,10.8,5,150,5,6.4,9.5,12.2,7.771428571428571,8.871428571428572
1987-05-31,7.8,5,151,6,10.8,12.3,11.8,7.957142857142857,8.77142857142857
1987-06-01,8.5,6,152,0,7.8,7.6,10.7,7.314285714285715,8.485714285714286
1987-06-02,9.7,6,153,1,8.5,9.3,10.2,7.442857142857143,8.328571428571427
1987-06-03,10.0,6,154,2,9.7,5.0,10.0,7.5,8.292857142857143
1987-06-04,11.0,6,155,3,10.0,4.3,8.3,8.214285714285714,8.292857142857143
1987-06-05,10.2,6,156,4,11.0,6.4,6.6,9.171428571428573,8.485714285714286
1987-06-06,6.6,6,157,5,10.2,10.8,9.5,9.714285714285714,8.742857142857144
1987-06-07,6.1,6,158,6,6.6,7.8,12.3,9.114285714285716,8.535714285714286
1987-06-08,5.9,6,159,0,6.1,8.5,7.6,8.87142857142857,8.092857142857143
1987-06-09,8.9,6,160,1,5.9,9.7,9.3,8.5,7.971428571428571
1987-06-10,13.0,6,161,2,8.9,10.0,5.0,8.385714285714284,7.942857142857142
1987-06-11,12.6,6,162,3,13.0,11.0,4.3,8.814285714285715,8.514285714285714
1987-06-12,5.4,6,163,4,12.6,10.2,6.4,9.042857142857143,9.107142857142858
1987-06-13,6.0,6,164,5,5.4,6.6,10.8,8.357142857142858,9.035714285714286
1987-06-14,7.8,6,165,6,6.0,6.1,7.8,8.27142857142857,8.692857142857141
1987-06-15,9.0,6,166,0,7.8,5.9,8.5,8.514285714285714,8.692857142857143
1987-06-16,4.2,6,167,1,9.0,8.9,9.7,8.957142857142857,8.72857142857143
1987-06-17,3.0,6,168,2,4.2,13.0,10.0,8.285714285714286,8.335714285714285
1987-06-18,4.5,6,169,3,3.0,12.6,11.0,6.857142857142857,7.835714285714286
1987-06-19,6.2,6,170,4,4.5,5.4,10.2,5.7,7.371428571428572
1987-06-20,11.9,6,171,5,6.2,6.0,6.6,5.814285714285715,7.0857142857142845
1987-06-21,11.8,6,172,6,11.9,7.8,6.1,6.6571428571428575,7.464285714285714
1987-06-22,9.4,6,173,0,11.8,9.0,5.9,7.2285714285714295,7.871428571428572
1987-06-23,9.6,6,174,1,9.4,4.2,8.9,7.2857142857142865,8.121428571428572
1987-06-24,9.4,6,175,2,9.6,3.0,13.0,8.057142857142859,8.171428571428573
1987-06-25,7.0,6,176,3,9.4,4.5,12.6,8.971428571428572,7.9142857142857155
1987-06-26,8.9,6,177,4,7.0,6.2,5.4,9.328571428571427,7.514285714285714
1987-06-27,9.3,6,178,5,8.9,11.9,6.0,9.714285714285714,7.764285714285715
1987-06-28,6.8,6,179,6,9.3,11.8,7.8,9.342857142857143,8.000000000000002
1987-06-29,7.5,6,180,0,6.8,9.4,9.0,8.62857142857143,7.928571428571429
1987-06-30,8.0,6,181,1,7.5,9.6,4.2,8.357142857142858,7.821428571428571
1987-07-01,8.3,7,182,2,8.0,9.4,3.0,8.12857142857143,8.092857142857143
1987-07-02,2.7,7,183,3,8.3,7.0,4.5,7.971428571428571,8.471428571428572
1987-07-03,3.9,7,184,4,2.7,8.9,6.2,7.357142857142857,8.342857142857143
1987-07-04,4.1,7,185,5,3.9,9.3,11.9,6.642857142857143,8.178571428571429
1987-07-05,5.0,7,186,6,4.1,6.8,11.8,5.9,7.621428571428572
1987-07-06,5.8,7,187,0,5.0,7.5,9.4,5.642857142857143,7.135714285714286
1987-07-07,4.4,7,188,1,5.8,8.0,9.6,5.3999999999999995,6.878571428571428
1987-07-08,4.1,7,189,2,4.4,8.3,9.4,4.885714285714286,6.507142857142858
1987-07-09,5.8,7,190,3,4.1,2.7,7.0,4.285714285714286,6.128571428571428
1987-07-10,9.1,7,191,4,5.8,3.9,8.9,4.728571428571429,6.042857142857143
1987-07-11,7.9,7,192,5,9.1,4.1,9.3,5.471428571428571,6.057142857142857
1987-07-12,5.0,7,193,6,7.9,5.0,6.8,6.014285714285714,5.957142857142856
1987-07-13,2.8,7,194,0,5.0,5.8,7.5,6.014285714285713,5.828571428571428
1987-07-14,4.7,7,195,1,2.8,4.4,8.0,5.585714285714286,5.492857142857143
1987-07-15,8.9,7,196,2,4.7,4.1,8.3,5.628571428571428,5.257142857142857
1987-07-16,5.4,7,197,3,8.9,5.8,2.7,6.314285714285715,5.3
1987-07-17,7.1,7,198,4,5.4,9.1,3.9,6.257142857142858,5.492857142857143
1987-07-18,9.0,7,199,5,7.1,7.9,4.1,5.971428571428571,5.721428571428571
1987-07-19,9.4,7,200,6,9.0,5.0,5.0,6.128571428571429,6.071428571428571
1987-07-20,6.3,7,201,0,9.4,2.8,5.8,6.757142857142858,6.385714285714286
1987-07-21,7.0,7,202,1,6.3,4.7,4.4,7.257142857142857,6.421428571428572
1987-07-22,6.4,7,203,2,7.0,8.9,4.1,7.585714285714286,6.607142857142857
1987-07-23,6.7,7,204,3,6.4,5.4,5.8,7.228571428571429,6.771428571428571
1987-07-24,1.5,7,205,4,6.7,7.1,9.1,7.414285714285714,6.835714285714286
1987-07-25,2.9,7,206,5,1.5,9.0,7.9,6.614285714285714,6.292857142857143
1987-07-26,4.8,7,207,6,2.9,9.4,5.0,5.742857142857142,5.935714285714286
1987-07-27,6.3,7,208,0,4.8,6.3,2.8,5.0857142857142845,5.921428571428572
1987-07-28,5.7,7,209,1,6.3,7.0,4.7,5.085714285714286,6.171428571428571
1987-07-29,7.0,7,210,2,5.7,6.4,8.9,4.8999999999999995,6.242857142857143
1987-07-30,8.8,7,211,3,7.0,6.7,5.4,4.985714285714286,6.107142857142857
1987-07-31,8.7,7,212,4,8.8,1.5,7.1,5.285714285714286,6.35
1987-08-01,9.0,8,213,5,8.7,2.9,9.0,6.314285714285715,6.464285714285714
1987-08-02,9.6,8,214,6,9.0,4.8,9.4,7.185714285714285,6.464285714285714
1987-08-03,8.0,8,215,0,9.6,6.3,6.3,7.871428571428572,6.478571428571428
1987-08-04,8.4,8,216,1,8.0,5.7,7.0,8.114285714285714,6.6
1987-08-05,8.1,8,217,2,8.4,7.0,6.4,8.5,6.7
1987-08-06,9.0,8,218,3,8.1,8.8,6.7,8.657142857142857,6.821428571428571
1987-08-07,5.3,8,219,4,9.0,8.7,1.5,8.685714285714285,6.985714285714286
1987-08-08,8.9,8,220,5,5.3,9.0,2.9,8.2,7.257142857142858
1987-08-09,8.7,8,221,6,8.9,9.6,4.8,8.185714285714287,7.685714285714285
1987-08-10,4.9,8,222,0,8.7,8.0,6.3,8.057142857142859,7.964285714285714
1987-08-11,7.0,8,223,1,4.9,8.4,5.7,7.614285714285715,7.864285714285715
1987-08-12,7.5,8,224,2,7.0,8.1,7.0,7.4142857142857155,7.957142857142857
1987-08-13,7.0,8,225,3,7.5,9.0,8.8,7.328571428571429,7.992857142857143
1987-08-14,9.1,8,226,4,7.0,5.3,8.7,7.042857142857144,7.864285714285715
1987-08-15,11.8,8,227,5,9.1,8.9,9.0,7.5857142857142845,7.892857142857143
1987-08-16,9.9,8,228,6,11.8,8.7,9.6,8.0,8.092857142857143
1987-08-17,5.6,8,229,0,9.9,4.9,8.0,8.17142857142857,8.114285714285716
1987-08-18,4.2,8,230,1,5.6,7.0,8.4,8.27142857142857,7.942857142857143
1987-08-19,4.3,8,231,2,4.2,7.5,8.1,7.871428571428572,7.642857142857143
1987-08-20,8.0,8,232,3,4.3,7.0,9.0,7.414285714285714,7.371428571428572
1987-08-21,5.1,8,233,4,8.0,9.1,5.3,7.557142857142857,7.3
1987-08-22,9.4,8,234,5,5.1,11.8,8.9,6.985714285714286,7.285714285714286
1987-08-23,9.1,8,235,6,9.4,9.9,8.7,6.642857142857143,7.321428571428571
1987-08-24,9.7,8,236,0,9.1,5.6,4.9,6.528571428571429,7.3500000000000005
1987-08-25,10.6,8,237,1,9.7,4.2,7.0,7.114285714285714,7.692857142857142
1987-08-26,8.6,8,238,2,10.6,4.3,7.5,8.028571428571428,7.95
1987-08-27,10.1,8,239,3,8.6,8.0,7.0,8.642857142857142,8.028571428571428
1987-08-28,11.0,8,240,4,10.1,5.1,9.1,8.942857142857141,8.25
1987-08-29,9.7,8,241,5,11.0,9.4,11.8,9.785714285714286,8.385714285714286
1987-08-30,5.0,8,242,6,9.7,9.1,9.9,9.828571428571427,8.235714285714286
1987-08-31,6.1,8,243,0,5.0,9.7,5.6,9.242857142857142,7.885714285714285
1987-09-01,5.4,9,244,1,6.1,10.6,4.2,8.72857142857143,7.921428571428572
1987-09-02,5.8,9,245,2,5.4,8.6,4.3,7.985714285714286,8.007142857142856
1987-09-03,7.3,9,246,3,5.8,10.1,8.0,7.5857142857142845,8.114285714285714
1987-09-04,6.3,9,247,4,7.3,11.0,5.1,7.185714285714286,8.064285714285715
1987-09-05,4.8,9,248,5,6.3,9.7,9.4,6.514285714285713,8.15
1987-09-06,7.6,9,249,6,4.8,5.0,9.1,5.814285714285715,7.821428571428571
1987-09-07,8.1,9,250,0,7.6,6.1,9.7,6.185714285714285,7.7142857142857135
1987-09-08,9.5,9,251,1,8.1,5.4,10.6,6.471428571428571,7.6000000000000005
1987-09-09,10.3,9,252,2,9.5,5.8,8.6,7.057142857142857,7.521428571428571
1987-09-10,7.0,9,253,3,10.3,7.3,10.1,7.700000000000001,7.642857142857143
1987-09-11,9.0,9,254,4,7.0,6.3,11.0,7.657142857142857,7.421428571428572
1987-09-12,10.2,9,255,5,9.0,4.8,9.7,8.042857142857143,7.278571428571429
1987-09-13,6.8,9,256,6,10.2,7.6,5.0,8.814285714285715,7.314285714285715
1987-09-14,9.3,9,257,0,6.8,8.1,6.1,8.7,7.442857142857143
1987-09-15,9.8,9,258,1,9.3,9.5,5.4,8.871428571428572,7.671428571428571
1987-09-16,10.7,9,259,2,9.8,10.3,5.8,8.914285714285715,7.985714285714287
1987-09-17,7.8,9,260,3,10.7,7.0,7.3,8.971428571428572,8.335714285714285
1987-09-18,9.2,9,261,4,7.8,9.0,6.3,9.085714285714285,8.37142857142857
1987-09-19,15.0,9,262,5,9.2,10.2,4.8,9.114285714285714,8.578571428571427
1987-09-20,7.8,9,263,6,15.0,6.8,7.6,9.799999999999999,9.307142857142859
1987-09-21,5.3,9,264,0,7.8,9.3,8.1,9.942857142857145,9.321428571428571
1987-09-22,9.5,9,265,1,5.3,9.8,9.5,9.37142857142857,9.121428571428572
1987-09-23,7.6,9,266,2,9.5,10.7,10.3,9.328571428571427,9.121428571428572
1987-09-24,14.0,9,267,3,7.6,7.8,7.0,8.885714285714286,8.928571428571429
1987-09-25,14.9,9,268,4,14.0,9.2,9.0,9.771428571428572,9.428571428571429
1987-09-26,14.9,9,269,5,14.9,15.0,10.2,10.585714285714285,9.85
1987-09-27,19.2,9,270,6,14.9,7.8,6.8,10.571428571428571,10.185714285714285
1987-09-28,17.0,9,271,0,19.2,5.3,9.3,12.200000000000001,11.071428571428571
1987-09-29,13.0,9,272,1,17.0,9.5,9.8,13.871428571428572,11.62142857142857
1987-09-30,11.2,9,273,2,13.0,7.6,10.7,14.371428571428572,11.849999999999998
1987-10-01,9.5,10,274,3,11.2,14.0,7.8,14.885714285714284,11.885714285714286
1987-10-02,10.3,10,275,4,9.5,14.9,9.2,14.242857142857142,12.007142857142856
1987-10-03,9.3,10,276,5,10.3,14.9,15.0,13.585714285714287,12.085714285714285
1987-10-04,11.3,10,277,6,9.3,19.2,7.8,12.785714285714286,11.678571428571429
1987-10-05,6.5,10,278,0,11.3,17.0,5.3,11.657142857142857,11.928571428571429
1987-10-06,12.0,10,279,1,6.5,13.0,9.5,10.157142857142857,12.014285714285716
1987-10-07,8.3,10,280,2,12.0,11.2,7.6,10.014285714285714,12.192857142857145
1987-10-08,8.7,10,281,3,8.3,9.5,14.0,9.6,12.242857142857144
1987-10-09,8.7,10,282,4,8.7,10.3,14.9,9.485714285714286,11.864285714285714
1987-10-10,10.2,10,283,5,8.7,9.3,14.9,9.257142857142858,11.421428571428573
1987-10-11,6.9,10,284,6,10.2,11.3,19.2,9.385714285714286,11.085714285714285
1987-10-12,4.9,10,285,0,6.9,6.5,17.0,8.757142857142858,10.207142857142857
1987-10-13,10.0,10,286,1,4.9,12.0,13.0,8.528571428571428,9.342857142857143
1987-10-14,7.6,10,287,2,10.0,8.3,11.2,8.242857142857144,9.128571428571428
1987-10-15,14.5,10,288,3,7.6,8.7,9.5,8.142857142857142,8.871428571428572
1987-10-16,13.2,10,289,4,14.5,8.7,10.3,8.971428571428572,9.228571428571428
1987-10-17,9.9,10,290,5,13.2,10.2,9.3,9.614285714285714,9.435714285714285
1987-10-18,10.1,10,291,6,9.9,6.9,11.3,9.571428571428571,9.478571428571428
1987-10-19,11.3,10,292,0,10.1,4.9,6.5,10.028571428571428,9.392857142857142
1987-10-20,10.4,10,293,1,11.3,10.0,12.0,10.942857142857145,9.735714285714284
1987-10-21,10.9,10,294,2,10.4,7.6,8.3,11.0,9.62142857142857
1987-10-22,9.2,10,295,3,10.9,14.5,8.7,11.471428571428572,9.807142857142855
1987-10-23,10.5,10,296,4,9.2,13.2,8.7,10.714285714285714,9.842857142857143
1987-10-24,11.4,10,297,5,10.5,9.9,10.2,10.328571428571427,9.971428571428572
1987-10-25,13.5,10,298,6,11.4,10.1,6.9,10.542857142857143,10.057142857142859
1987-10-26,9.8,10,299,0,13.5,11.3,4.9,11.028571428571428,10.528571428571428
1987-10-27,13.1,10,300,1,9.8,10.4,10.0,10.814285714285715,10.878571428571428
1987-10-28,9.7,10,301,2,13.1,10.9,7.6,11.200000000000001,11.099999999999998
1987-10-29,11.4,10,302,3,9.7,9.2,14.5,11.028571428571427,11.25
1987-10-30,9.9,10,303,4,11.4,10.5,13.2,11.342857142857143,11.028571428571428
1987-10-31,14.4,10,304,5,9.9,11.4,9.9,11.257142857142858,10.792857142857143
1987-11-01,19.0,11,305,6,14.4,13.5,10.1,11.685714285714285,11.114285714285714
1987-11-02,23.0,11,306,0,19.0,9.8,11.3,12.471428571428572,11.75
1987-11-03,15.4,11,307,1,23.0,13.1,10.4,14.357142857142858,12.585714285714285
1987-11-04,9.6,11,308,2,15.4,9.7,10.9,14.685714285714285,12.942857142857141
1987-11-05,10.8,11,309,3,9.6,11.4,9.2,14.671428571428573,12.85
1987-11-06,12.1,11,310,4,10.8,9.9,10.5,14.585714285714285,12.964285714285714
1987-11-07,11.0,11,311,5,12.1,14.4,11.4,14.9,13.078571428571427
1987-11-08,12.6,11,312,6,11.0,19.0,13.5,14.414285714285715,13.049999999999999
1987-11-09,14.7,11,313,0,12.6,23.0,9.8,13.5,12.985714285714284
1987-11-10,11.1,11,314,1,14.7,15.4,13.1,12.314285714285715,13.335714285714287
1987-11-11,10.1,11,315,2,11.1,9.6,9.7,11.7,13.192857142857145
1987-11-12,11.4,11,316,3,10.1,10.8,11.4,11.771428571428572,13.221428571428572
1987-11-13,13.0,11,317,4,11.4,12.1,9.9,11.857142857142856,13.221428571428572
1987-11-14,11.9,11,318,5,13.0,11.0,14.4,11.985714285714284,13.442857142857145
1987-11-15,9.5,11,319,6,11.9,12.6,19.0,12.114285714285714,13.264285714285716
1987-11-16,13.5,11,320,0,9.5,14.7,23.0,11.671428571428573,12.585714285714287
1987-11-17,15.2,11,321,1,13.5,11.1,15.4,11.5,11.907142857142858
1987-11-18,18.4,11,322,2,15.2,10.1,9.6,12.085714285714287,11.892857142857142
1987-11-19,24.1,11,323,3,18.4,11.4,10.8,13.27142857142857,12.521428571428572
1987-11-20,14.1,11,324,4,24.1,13.0,12.1,15.085714285714287,13.471428571428572
1987-11-21,10.7,11,325,5,14.1,11.9,11.0,15.242857142857144,13.614285714285714
1987-11-22,8.7,11,326,6,10.7,9.5,12.6,15.071428571428571,13.592857142857143
1987-11-23,13.3,11,327,0,8.7,13.5,14.7,14.957142857142857,13.314285714285715
1987-11-24,11.6,11,328,1,13.3,15.2,11.1,14.928571428571429,13.214285714285714
1987-11-25,9.9,11,329,2,11.6,18.4,10.1,14.414285714285713,13.25
1987-11-26,10.8,11,330,3,9.9,24.1,11.4,13.200000000000001,13.235714285714286
1987-11-27,11.5,11,331,4,10.8,14.1,13.0,11.299999999999999,13.192857142857141
1987-11-28,10.0,11,332,5,11.5,10.7,11.9,10.928571428571429,13.085714285714285
1987-11-29,13.9,11,333,6,10.0,8.7,9.5,10.828571428571427,12.95
1987-11-30,13.6,11,334,0,13.9,13.3,13.5,11.571428571428571,13.264285714285714
1987-12-01,11.9,12,335,1,13.6,11.6,15.2,11.614285714285714,13.27142857142857
1987-12-02,11.1,12,336,2,11.9,9.9,18.4,11.657142857142858,13.035714285714286
1987-12-03,8.2,12,337,3,11.1,10.8,24.1,11.828571428571427,12.514285714285714
1987-12-04,9.4,12,338,4,8.2,11.5,14.1,11.457142857142857,11.37857142857143
1987-12-05,12.7,12,339,5,9.4,10.0,10.7,11.157142857142857,11.042857142857143
1987-12-06,11.6,12,340,6,12.7,13.9,8.7,11.542857142857143,11.185714285714285
1987-12-07,11.0,12,341,0,11.6,13.6,13.3,11.214285714285714,11.392857142857142
1987-12-08,11.3,12,342,1,11.0,11.9,11.6,10.842857142857143,11.228571428571428
1987-12-09,13.4,12,343,2,11.3,11.1,9.9,10.757142857142856,11.207142857142857
1987-12-10,14.9,12,344,3,13.4,8.2,10.8,11.085714285714285,11.457142857142856
1987-12-11,15.2,12,345,4,14.9,9.4,11.5,12.042857142857143,11.75
1987-12-12,13.9,12,346,5,15.2,12.7,10.0,12.871428571428572,12.014285714285716
1987-12-13,15.0,12,347,6,13.9,11.6,13.9,13.042857142857144,12.292857142857143
1987-12-14,16.2,12,348,0,15.0,11.0,13.6,13.528571428571427,12.37142857142857
1987-12-15,17.7,12,349,1,16.2,11.3,11.9,14.27142857142857,12.557142857142859
1987-12-16,20.5,12,350,2,17.7,13.4,11.1,15.185714285714285,12.971428571428572
1987-12-17,14.7,12,351,3,20.5,14.9,8.2,16.2,13.642857142857142
1987-12-18,12.5,12,352,4,14.7,15.2,9.4,16.17142857142857,14.107142857142858
1987-12-19,10.9,12,353,5,12.5,13.9,12.7,15.785714285714286,14.328571428571431
1987-12-20,12.8,12,354,6,10.9,15.0,11.6,15.357142857142856,14.2
1987-12-21,12.7,12,355,0,12.8,16.2,11.0,15.042857142857144,14.285714285714286
1987-12-22,11.2,12,356,1,12.7,17.7,11.3,14.542857142857143,14.407142857142857
1987-12-23,11.4,12,357,2,11.2,20.5,13.4,13.614285714285714,14.4
1987-12-24,11.2,12,358,3,11.4,14.7,14.9,12.314285714285715,14.257142857142858
1987-12-25,12.1,12,359,4,11.2,12.5,15.2,11.814285714285713,13.992857142857144
1987-12-26,12.7,12,360,5,12.1,10.9,13.9,11.757142857142856,13.77142857142857
1987-12-27,16.2,12,361,6,12.7,12.8,15.0,12.014285714285716,13.685714285714285
1987-12-28,14.2,12,362,0,16.2,12.7,16.2,12.5,13.771428571428572
1987-12-29,14.3,12,363,1,14.2,11.2,17.7,12.714285714285714,13.628571428571428
1987-12-30,13.3,12,364,2,14.3,11.4,20.5,13.157142857142857,13.385714285714286
1987-12-31,16.7,12,365,3,13.3,11.2,14.7,13.428571428571429,12.87142857142857
1988-01-01,15.3,1,1,4,16.7,12.1,12.5,14.214285714285714,13.014285714285716
1988-01-02,14.3,1,2,5,15.3,12.7,10.9,14.671428571428573,13.214285714285712
1988-01-03,13.5,1,3,6,14.3,16.2,12.8,14.9,13.457142857142857
1988-01-04,15.0,1,4,0,13.5,14.2,12.7,14.514285714285714,13.507142857142856
1988-01-05,13.6,1,5,1,15.0,14.3,11.2,14.62857142857143,13.671428571428573
1988-01-06,15.2,1,6,2,13.6,13.3,11.4,14.528571428571427,13.842857142857142
1988-01-07,17.0,1,7,3,15.2,16.7,11.2,14.799999999999999,14.114285714285714
1988-01-08,18.7,1,8,4,17.0,15.3,12.1,14.842857142857143,14.528571428571427
1988-01-09,16.5,1,9,5,18.7,14.3,12.7,15.328571428571427,15.0
1988-01-10,17.4,1,10,6,16.5,13.5,16.2,15.642857142857142,15.271428571428572
1988-01-11,18.3,1,11,0,17.4,15.0,14.2,16.2,15.357142857142858
1988-01-12,18.3,1,12,1,18.3,13.6,14.3,16.67142857142857,15.65
1988-01-13,22.4,1,13,2,18.3,15.2,13.3,17.342857142857145,15.935714285714285
1988-01-14,21.4,1,14,3,22.4,17.0,16.7,18.37142857142857,16.585714285714285
1988-01-15,20.9,1,15,4,21.4,18.7,15.3,19.0,16.92142857142857
1988-01-16,17.6,1,16,5,20.9,16.5,14.3,19.314285714285713,17.321428571428573
1988-01-17,15.5,1,17,6,17.6,17.4,13.5,19.471428571428568,17.557142857142857
1988-01-18,16.6,1,18,0,15.5,18.3,15.0,19.2,17.7
1988-01-19,16.2,1,19,1,16.6,18.3,13.6,18.957142857142856,17.814285714285713
1988-01-20,15.6,1,20,2,16.2,22.4,15.2,18.657142857142855,18.0
1988-01-21,14.5,1,21,3,15.6,21.4,17.0,17.685714285714287,18.02857142857143
1988-01-22,14.0,1,22,4,14.5,20.9,18.7,16.7,17.849999999999998
1988-01-23,15.6,1,23,5,14.0,17.6,16.5,15.714285714285714,17.514285714285712
1988-01-24,12.3,1,24,6,15.6,15.5,17.4,15.428571428571429,17.45
1988-01-25,11.6,1,25,0,12.3,16.6,18.3,14.971428571428572,17.085714285714285
1988-01-26,12.6,1,26,1,11.6,16.2,18.3,14.257142857142856,16.607142857142858
1988-01-27,14.9,1,27,2,12.6,15.6,22.4,13.742857142857144,16.2
1988-01-28,17.3,1,28,3,14.9,14.5,21.4,13.642857142857142,15.664285714285713
1988-01-29,21.4,1,29,4,17.3,14.0,20.9,14.042857142857144,15.371428571428572
1988-01-30,23.4,1,30,5,21.4,15.6,17.6,15.1,15.407142857142857
1988-01-31,14.4,1,31,6,23.4,12.3,15.5,16.214285714285715,15.821428571428571
1988-02-01,14.1,2,32,0,14.4,11.6,16.6,16.514285714285712,15.742857142857144
1988-02-02,15.0,2,33,1,14.1,12.6,16.2,16.87142857142857,15.564285714285713
1988-02-03,14.5,2,34,2,15.0,14.9,15.6,17.214285714285715,15.478571428571428
1988-02-04,15.1,2,35,3,14.5,17.3,14.5,17.157142857142855,15.4
1988-02-05,13.9,2,36,4,15.1,21.4,14.0,16.84285714285714,15.442857142857141
1988-02-06,13.4,2,37,5,13.9,23.4,15.6,15.771428571428572,15.435714285714285
1988-02-07,9.2,2,38,6,13.4,14.4,12.3,14.342857142857142,15.278571428571428
1988-02-08,12.5,2,39,0,9.2,14.1,11.6,13.6,15.057142857142855
1988-02-09,15.1,2,40,1,12.5,15.0,12.6,13.37142857142857,15.12142857142857
1988-02-10,12.1,2,41,2,15.1,14.5,14.9,13.385714285714284,15.3
1988-02-11,14.5,2,42,3,12.1,15.1,17.3,13.042857142857143,15.1
1988-02-12,16.3,2,43,4,14.5,13.9,21.4,12.957142857142857,14.9
1988-02-13,16.5,2,44,5,16.3,13.4,23.4,13.3,14.535714285714286
1988-02-14,14.9,2,45,6,16.5,9.2,14.4,13.742857142857144,14.042857142857144
1988-02-15,13.2,2,46,0,14.9,12.5,14.1,14.557142857142859,14.078571428571427
1988-02-16,11.8,2,47,1,13.2,15.1,15.0,14.657142857142857,14.014285714285716
1988-02-17,13.6,2,48,2,11.8,12.1,14.5,14.185714285714287,13.785714285714286
1988-02-18,16.2,2,49,3,13.6,14.5,15.1,14.4,13.721428571428573
1988-02-19,14.1,2,50,4,16.2,16.3,13.9,14.642857142857142,13.8
1988-02-20,13.5,2,51,5,14.1,16.5,13.4,14.328571428571427,13.814285714285715
1988-02-21,15.0,2,52,6,13.5,14.9,9.2,13.9,13.821428571428571
1988-02-22,14.8,2,53,0,15.0,13.2,12.5,13.914285714285713,14.235714285714286
1988-02-23,16.2,2,54,1,14.8,11.8,15.1,14.142857142857142,14.400000000000002
1988-02-24,16.2,2,55,2,16.2,13.6,12.1,14.77142857142857,14.478571428571428
1988-02-25,13.3,2,56,3,16.2,16.2,14.5,15.142857142857142,14.77142857142857
1988-02-26,15.3,2,57,4,13.3,14.1,16.3,14.728571428571428,14.685714285714285
1988-02-27,18.4,2,58,5,15.3,13.5,16.5,14.9,14.614285714285716
1988-02-28,16.2,2,59,6,18.4,15.0,14.9,15.6,14.75
1988-02-29,16.3,2,60,0,16.2,14.8,13.2,15.771428571428572,14.842857142857143
1988-03-01,12.4,3,61,1,16.3,16.2,11.8,15.985714285714286,15.064285714285713
1988-03-02,15.6,3,62,2,12.4,16.2,13.6,15.442857142857141,15.107142857142858
1988-03-03,14.9,3,63,3,15.6,13.3,16.2,15.357142857142858,15.249999999999998
1988-03-04,14.8,3,64,4,14.9,15.3,14.1,15.585714285714285,15.157142857142857
1988-03-05,12.7,3,65,5,14.8,18.4,13.5,15.514285714285716,15.207142857142857
1988-03-06,14.2,3,66,6,12.7,16.2,15.0,14.7,15.15
1988-03-07,16.8,3,67,0,14.2,16.3,14.8,14.414285714285713,15.092857142857143
1988-03-08,16.7,3,68,1,16.8,12.4,16.2,14.485714285714286,15.235714285714284
1988-03-09,16.2,3,69,2,16.7,15.6,16.2,15.1,15.271428571428572
1988-03-10,14.5,3,70,3,16.2,14.9,13.3,15.185714285714285,15.271428571428572
1988-03-11,10.0,3,71,4,14.5,14.8,15.3,15.12857142857143,15.357142857142858
1988-03-12,12.6,3,72,5,10.0,12.7,18.4,14.442857142857141,14.978571428571428
1988-03-13,11.9,3,73,6,12.6,14.2,16.2,14.428571428571429,14.564285714285715
1988-03-14,11.8,3,74,0,11.9,16.8,16.3,14.1,14.257142857142856
1988-03-15,13.4,3,75,1,11.8,16.7,12.4,13.385714285714286,13.935714285714287
1988-03-16,14.5,3,76,2,13.4,16.2,15.6,12.914285714285715,14.007142857142856
1988-03-17,15.7,3,77,3,14.5,14.5,14.9,12.671428571428573,13.928571428571429
1988-03-18,15.3,3,78,4,15.7,10.0,14.8,12.842857142857143,13.985714285714286
1988-03-19,13.9,3,79,5,15.3,12.6,12.7,13.6,14.02142857142857
1988-03-20,13.7,3,80,6,13.9,11.9,14.2,13.785714285714286,14.107142857142858
1988-03-21,15.1,3,81,0,13.7,11.8,16.8,14.042857142857143,14.071428571428571
1988-03-22,15.6,3,82,1,15.1,13.4,16.7,14.514285714285716,13.950000000000001
1988-03-23,14.4,3,83,2,15.6,14.5,16.2,14.828571428571427,13.87142857142857
1988-03-24,13.9,3,84,3,14.4,15.7,14.5,14.814285714285715,13.742857142857144
1988-03-25,16.2,3,85,4,13.9,15.3,10.0,14.557142857142855,13.700000000000001
1988-03-26,16.7,3,86,5,16.2,13.9,12.6,14.685714285714285,14.142857142857142
1988-03-27,15.5,3,87,6,16.7,13.7,11.9,15.085714285714287,14.435714285714285
1988-03-28,16.4,3,88,0,15.5,15.1,11.8,15.342857142857143,14.692857142857141
1988-03-29,17.5,3,89,1,16.4,15.6,13.4,15.528571428571427,15.02142857142857
1988-03-30,18.2,3,90,2,17.5,14.4,14.5,15.799999999999999,15.314285714285715
1988-03-31,16.1,3,91,3,18.2,13.9,15.7,16.34285714285714,15.578571428571431
1988-04-01,16.5,4,92,4,16.1,16.2,15.3,16.657142857142855,15.607142857142858
1988-04-02,14.6,4,93,5,16.5,16.7,13.9,16.7,15.692857142857145
1988-04-03,16.4,4,94,6,14.6,15.5,13.7,16.4,15.742857142857144
1988-04-04,13.6,4,95,0,16.4,16.4,15.1,16.52857142857143,15.935714285714285
1988-04-05,15.9,4,96,1,13.6,17.5,15.6,16.12857142857143,15.828571428571427
1988-04-06,11.9,4,97,2,15.9,18.2,14.4,15.900000000000002,15.85
1988-04-07,14.7,4,98,3,11.9,16.1,13.9,15.0,15.671428571428573
1988-04-08,9.4,4,99,4,14.7,16.5,16.2,14.8,15.728571428571428
1988-04-09,6.6,4,100,5,9.4,14.6,16.7,13.785714285714286,15.242857142857144
1988-04-10,7.9,4,101,6,6.6,16.4,15.5,12.642857142857142,14.521428571428572
1988-04-11,11.0,4,102,0,7.9,13.6,16.4,11.428571428571429,13.97857142857143
1988-04-12,15.7,4,103,1,11.0,15.9,17.5,11.057142857142859,13.592857142857143
1988-04-13,15.2,4,104,2,15.7,11.9,18.2,11.028571428571428,13.464285714285714
1988-04-14,15.9,4,105,3,15.2,14.7,16.1,11.5,13.25
1988-04-15,10.6,4,106,4,15.9,9.4,16.5,11.671428571428573,13.235714285714284
1988-04-16,8.3,4,107,5,10.6,6.6,14.6,11.842857142857143,12.814285714285713
1988-04-17,8.6,4,108,6,8.3,7.9,16.4,12.085714285714287,12.364285714285714
1988-04-18,12.7,4,109,0,8.6,11.0,13.6,12.185714285714285,11.807142857142855
1988-04-19,10.5,4,110,1,12.7,15.7,15.9,12.428571428571429,11.742857142857144
1988-04-20,12.0,4,111,2,10.5,15.2,11.9,11.685714285714285,11.357142857142858
1988-04-21,11.1,4,112,3,12.0,15.9,14.7,11.228571428571428,11.364285714285714
1988-04-22,13.0,4,113,4,11.1,10.6,9.4,10.542857142857143,11.107142857142858
1988-04-23,12.4,4,114,5,13.0,8.3,6.6,10.885714285714286,11.364285714285714
1988-04-24,13.3,4,115,6,12.4,8.6,7.9,11.471428571428572,11.778571428571428
1988-04-25,15.9,4,116,0,13.3,12.7,11.0,12.142857142857142,12.164285714285713
1988-04-26,12.0,4,117,1,15.9,10.5,15.7,12.6,12.514285714285714
1988-04-27,13.7,4,118,2,12.0,12.0,15.2,12.814285714285715,12.25
1988-04-28,17.6,4,119,3,13.7,11.1,15.9,13.057142857142859,12.142857142857142
1988-04-29,14.3,4,120,4,17.6,13.0,10.6,13.985714285714286,12.264285714285716
1988-04-30,13.7,4,121,5,14.3,12.4,8.3,14.171428571428573,12.528571428571428
1988-05-01,15.2,5,122,6,13.7,13.3,8.6,14.357142857142858,12.914285714285715
1988-05-02,14.5,5,123,0,15.2,15.9,12.7,14.628571428571428,13.385714285714286
1988-05-03,14.9,5,124,1,14.5,12.0,10.5,14.428571428571429,13.514285714285714
1988-05-04,15.5,5,125,2,14.9,13.7,12.0,14.842857142857143,13.828571428571427
1988-05-05,16.4,5,126,3,15.5,17.6,11.1,15.1,14.078571428571427
1988-05-06,14.5,5,127,4,16.4,14.3,13.0,14.928571428571429,14.457142857142857
1988-05-07,12.6,5,128,5,14.5,13.7,12.4,14.957142857142856,14.564285714285715
1988-05-08,13.6,5,129,6,12.6,15.2,13.3,14.8,14.578571428571427
1988-05-09,11.2,5,130,0,13.6,14.5,15.9,14.571428571428571,14.6
1988-05-10,11.0,5,131,1,11.2,14.9,12.0,14.1,14.264285714285714
1988-05-11,12.0,5,132,2,11.0,15.5,13.7,13.542857142857143,14.192857142857141
1988-05-12,6.8,5,133,3,12.0,16.4,17.6,13.042857142857143,14.071428571428571
1988-05-13,10.6,5,134,4,6.8,14.5,14.3,11.671428571428573,13.299999999999999
1988-05-14,13.1,5,135,5,10.6,12.6,13.7,11.114285714285712,13.035714285714286
1988-05-15,13.5,5,136,6,13.1,13.6,15.2,11.185714285714285,12.992857142857142
1988-05-16,11.7,5,137,0,13.5,11.2,14.5,11.171428571428573,12.87142857142857
1988-05-17,13.2,5,138,1,11.7,11.0,14.9,11.242857142857144,12.671428571428573
1988-05-18,12.0,5,139,2,13.2,12.0,15.5,11.557142857142855,12.549999999999999
1988-05-19,10.4,5,140,3,12.0,6.8,16.4,11.557142857142855,12.299999999999999
1988-05-20,10.0,5,141,4,10.4,10.6,14.5,12.071428571428571,11.87142857142857
1988-05-21,8.2,5,142,5,10.0,13.1,12.6,11.985714285714286,11.549999999999999
1988-05-22,9.4,5,143,6,8.2,13.5,13.6,11.285714285714286,11.235714285714284
1988-05-23,10.3,5,144,0,9.4,11.7,11.2,10.7,10.935714285714285
1988-05-24,8.1,5,145,1,10.3,13.2,11.0,10.5,10.87142857142857
1988-05-25,8.7,5,146,2,8.1,12.0,12.0,9.771428571428572,10.664285714285713
1988-05-26,12.6,5,147,3,8.7,10.4,6.8,9.299999999999999,10.428571428571429
1988-05-27,10.9,5,148,4,12.6,10.0,10.6,9.614285714285714,10.842857142857143
1988-05-28,8.7,5,149,5,10.9,8.2,13.1,9.742857142857144,10.864285714285714
1988-05-29,9.3,5,150,6,8.7,9.4,13.5,9.814285714285713,10.55
1988-05-30,6.3,5,151,0,9.3,10.3,11.7,9.799999999999999,10.25
1988-05-31,7.8,5,152,1,6.3,8.1,13.2,9.228571428571428,9.864285714285714
1988-06-01,10.0,6,153,2,7.8,8.7,12.0,9.185714285714285,9.47857142857143
1988-06-02,11.0,6,154,3,10.0,12.6,10.4,9.37142857142857,9.335714285714287
1988-06-03,11.1,6,155,4,11.0,10.9,10.0,9.142857142857142,9.37857142857143
1988-06-04,12.6,6,156,5,11.1,8.7,8.2,9.171428571428569,9.457142857142857
1988-06-05,10.2,6,157,6,12.6,9.3,9.4,9.728571428571428,9.77142857142857
1988-06-06,11.1,6,158,0,10.2,6.3,10.3,9.857142857142858,9.828571428571427
1988-06-07,8.7,6,159,1,11.1,7.8,8.1,10.542857142857143,9.885714285714284
1988-06-08,9.5,6,160,2,8.7,10.0,8.7,10.671428571428573,9.928571428571429
1988-06-09,9.7,6,161,3,9.5,11.0,12.6,10.6,9.985714285714286
1988-06-10,8.2,6,162,4,9.7,11.1,10.9,10.414285714285715,9.778571428571428
1988-06-11,5.0,6,163,5,8.2,12.6,8.7,10.0,9.585714285714285
1988-06-12,6.5,6,164,6,5.0,10.2,9.3,8.914285714285713,9.321428571428571
1988-06-13,12.1,6,165,0,6.5,11.1,6.3,8.385714285714286,9.12142857142857
1988-06-14,8.9,6,166,1,12.1,8.7,7.8,8.528571428571428,9.535714285714286
1988-06-15,6.1,6,167,2,8.9,9.5,10.0,8.557142857142859,9.614285714285714
1988-06-16,2.8,6,168,3,6.1,9.7,11.0,8.071428571428571,9.335714285714285
1988-06-17,3.7,6,169,4,2.8,8.2,11.1,7.085714285714286,8.75
1988-06-18,6.8,6,170,5,3.7,5.0,12.6,6.442857142857143,8.221428571428572
1988-06-19,6.6,6,171,6,6.8,6.5,10.2,6.7,7.807142857142857
1988-06-20,7.0,6,172,0,6.6,12.1,11.1,6.714285714285714,7.549999999999999
1988-06-21,7.3,6,173,1,7.0,8.9,8.7,5.985714285714286,7.257142857142857
1988-06-22,7.9,6,174,2,7.3,6.1,9.5,5.757142857142858,7.157142857142857
1988-06-23,10.6,6,175,3,7.9,2.8,9.7,6.014285714285714,7.042857142857143
1988-06-24,8.1,6,176,4,10.6,3.7,8.2,7.128571428571428,7.107142857142857
1988-06-25,6.7,6,177,5,8.1,6.8,5.0,7.757142857142857,7.1000000000000005
1988-06-26,8.0,6,178,6,6.7,6.6,6.5,7.742857142857142,7.221428571428572
1988-06-27,10.0,6,179,0,8.0,7.0,12.1,7.942857142857143,7.328571428571429
1988-06-28,6.7,6,180,1,10.0,7.3,8.9,8.371428571428572,7.178571428571429
1988-06-29,9.4,6,181,2,6.7,7.9,6.1,8.285714285714286,7.021428571428571
1988-06-30,9.3,6,182,3,9.4,10.6,2.8,8.5,7.257142857142857
1988-07-01,6.0,7,183,4,9.3,8.1,3.7,8.314285714285715,7.721428571428571
1988-07-02,5.8,7,184,5,6.0,6.7,6.8,8.014285714285716,7.885714285714285
1988-07-03,4.9,7,185,6,5.8,8.0,6.6,7.885714285714286,7.814285714285714
1988-07-04,5.0,7,186,0,4.9,10.0,7.0,7.442857142857143,7.692857142857143
1988-07-05,8.4,7,187,1,5.0,6.7,7.3,6.728571428571429,7.55
1988-07-06,12.3,7,188,2,8.4,9.4,7.9,6.971428571428571,7.628571428571429
1988-07-07,13.0,7,189,3,12.3,9.3,10.6,7.385714285714286,7.942857142857143
1988-07-08,11.4,7,190,4,13.0,6.0,8.1,7.9142857142857155,8.114285714285716
1988-07-09,6.8,7,191,5,11.4,5.8,6.7,8.685714285714287,8.35
1988-07-10,7.6,7,192,6,6.8,4.9,8.0,8.82857142857143,8.357142857142858
1988-07-11,12.4,7,193,0,7.6,5.0,10.0,9.214285714285714,8.328571428571427
1988-07-12,7.1,7,194,1,12.4,8.4,6.7,10.271428571428572,8.5
1988-07-13,7.5,7,195,2,7.1,12.3,9.4,10.085714285714285,8.528571428571428
1988-07-14,10.0,7,196,3,7.5,13.0,9.3,9.4,8.392857142857142
1988-07-15,5.3,7,197,4,10.0,11.4,6.0,8.971428571428572,8.442857142857143
1988-07-16,6.3,7,198,5,5.3,6.8,5.8,8.1,8.392857142857142
1988-07-17,8.0,7,199,6,6.3,7.6,4.9,8.028571428571428,8.428571428571429
1988-07-18,8.3,7,200,0,8.0,12.4,5.0,8.085714285714285,8.65
1988-07-19,9.3,7,201,1,8.3,7.1,8.4,7.5,8.885714285714286
1988-07-20,9.5,7,202,2,9.3,7.5,12.3,7.814285714285715,8.95
1988-07-21,5.6,7,203,3,9.5,10.0,13.0,8.1,8.75
1988-07-22,7.0,7,204,4,5.6,5.3,11.4,7.471428571428572,8.221428571428572
1988-07-23,8.5,7,205,5,7.0,6.3,6.8,7.714285714285714,7.907142857142857
1988-07-24,8.5,7,206,6,8.5,8.0,7.6,8.028571428571428,8.028571428571428
1988-07-25,8.2,7,207,0,8.5,8.3,12.4,8.1,8.092857142857143
1988-07-26,8.5,7,208,1,8.2,9.3,7.1,8.085714285714285,7.792857142857143
1988-07-27,9.6,7,209,2,8.5,9.5,7.5,7.971428571428571,7.892857142857143
1988-07-28,9.7,7,210,3,9.6,5.6,10.0,7.985714285714286,8.042857142857143
1988-07-29,7.1,7,211,4,9.7,7.0,5.3,8.571428571428571,8.02142857142857
1988-07-30,8.4,7,212,5,7.1,8.5,6.3,8.585714285714285,8.15
1988-07-31,9.2,7,213,6,8.4,8.5,8.0,8.571428571428571,8.3
1988-08-01,9.8,8,214,0,9.2,8.2,8.3,8.67142857142857,8.385714285714284
1988-08-02,8.1,8,215,1,9.8,8.5,9.3,8.9,8.492857142857142
1988-08-03,9.4,8,216,2,8.1,9.6,9.5,8.842857142857143,8.407142857142857
1988-08-04,10.0,8,217,3,9.4,9.7,5.6,8.814285714285715,8.4
1988-08-05,5.1,8,218,4,10.0,7.1,7.0,8.857142857142858,8.714285714285714
1988-08-06,6.7,8,219,5,5.1,8.4,8.5,8.571428571428571,8.57857142857143
1988-08-07,6.9,8,220,6,6.7,9.2,8.5,8.328571428571427,8.45
1988-08-08,6.8,8,221,0,6.9,9.8,8.2,8.0,8.335714285714285
1988-08-09,8.6,8,222,1,6.8,8.1,8.5,7.571428571428571,8.235714285714286
1988-08-10,9.1,8,223,2,8.6,9.4,9.6,7.642857142857143,8.242857142857144
1988-08-11,3.9,8,224,3,9.1,10.0,9.7,7.6,8.207142857142857
1988-08-12,4.8,8,225,4,3.9,5.1,7.1,6.728571428571429,7.792857142857144
1988-08-13,8.4,8,226,5,4.8,6.7,8.4,6.685714285714285,7.628571428571428
1988-08-14,11.6,8,227,6,8.4,6.9,9.2,6.928571428571429,7.628571428571428
1988-08-15,12.1,8,228,0,11.6,6.8,9.8,7.6000000000000005,7.8
1988-08-16,12.4,8,229,1,12.1,8.6,8.1,8.357142857142858,7.964285714285714
1988-08-17,10.0,8,230,2,12.4,9.1,9.4,8.9,8.27142857142857
1988-08-18,10.1,8,231,3,10.0,3.9,10.0,9.028571428571428,8.314285714285715
1988-08-19,9.7,8,232,4,10.1,4.8,5.1,9.914285714285715,8.321428571428571
1988-08-20,11.7,8,233,5,9.7,8.4,6.7,10.614285714285714,8.65
1988-08-21,7.9,8,234,6,11.7,11.6,6.9,11.085714285714285,9.007142857142858
1988-08-22,8.6,8,235,0,7.9,12.1,6.8,10.557142857142859,9.078571428571427
1988-08-23,7.7,8,236,1,8.6,12.4,8.6,10.057142857142859,9.207142857142857
1988-08-24,5.8,8,237,2,7.7,10.0,9.1,9.385714285714284,9.142857142857142
1988-08-25,8.7,8,238,3,5.8,10.1,3.9,8.785714285714285,8.907142857142857
1988-08-26,10.6,8,239,4,8.7,9.7,4.8,8.585714285714285,9.25
1988-08-27,6.7,8,240,5,10.6,11.7,8.4,8.714285714285714,9.664285714285713
1988-08-28,8.8,8,241,6,6.7,7.9,11.6,8.0,9.542857142857143
1988-08-29,9.7,8,242,0,8.8,8.6,12.1,8.128571428571428,9.342857142857142
1988-08-30,9.0,8,243,1,9.7,7.7,12.4,8.285714285714286,9.171428571428573
1988-08-31,11.8,8,244,2,9.0,5.8,10.0,8.471428571428572,8.928571428571429
1988-09-01,15.2,9,245,3,11.8,8.7,10.1,9.328571428571427,9.057142857142857
1988-09-02,10.0,9,246,4,15.2,10.6,9.7,10.257142857142856,9.421428571428573
1988-09-03,10.5,9,247,5,10.0,6.7,11.7,10.171428571428573,9.442857142857141
1988-09-04,5.5,9,248,6,10.5,8.8,7.9,10.714285714285714,9.357142857142858
1988-09-05,9.4,9,249,0,5.5,9.7,8.6,10.242857142857144,9.185714285714285
1988-09-06,8.8,9,250,1,9.4,9.0,7.7,10.200000000000001,9.242857142857144
1988-09-07,5.3,9,251,2,8.8,11.8,5.8,10.171428571428573,9.321428571428571
1988-09-08,13.0,9,252,3,5.3,15.2,8.7,9.242857142857144,9.285714285714286
1988-09-09,15.2,9,253,4,13.0,10.0,10.6,8.928571428571429,9.592857142857143
1988-09-10,13.2,9,254,5,15.2,10.5,6.7,9.671428571428573,9.921428571428573
1988-09-11,11.5,9,255,6,13.2,5.5,8.8,10.057142857142859,10.385714285714286
1988-09-12,6.8,9,256,0,11.5,9.4,9.7,10.914285714285715,10.578571428571427
1988-09-13,4.7,9,257,1,6.8,8.8,9.0,10.542857142857143,10.371428571428572
1988-09-14,5.2,9,258,2,4.7,5.3,11.8,9.957142857142856,10.064285714285715
1988-09-15,6.8,9,259,3,5.2,13.0,15.2,9.942857142857141,9.592857142857142
1988-09-16,10.7,9,260,4,6.8,15.2,10.0,9.057142857142857,8.992857142857144
1988-09-17,10.1,9,261,5,10.7,13.2,10.5,8.414285714285715,9.042857142857143
1988-09-18,10.0,9,262,6,10.1,11.5,5.5,7.971428571428571,9.014285714285714
1988-09-19,9.8,9,263,0,10.0,6.8,9.4,7.757142857142857,9.335714285714285
1988-09-20,5.5,9,264,1,9.8,4.7,8.8,8.185714285714287,9.364285714285714
1988-09-21,13.5,9,265,2,5.5,5.2,5.3,8.3,9.128571428571428
1988-09-22,16.6,9,266,3,13.5,6.8,13.0,9.485714285714284,9.714285714285714
1988-09-23,8.4,9,267,4,16.6,10.7,15.2,10.885714285714286,9.971428571428572
1988-09-24,8.2,9,268,5,8.4,10.1,13.2,10.557142857142859,9.485714285714286
1988-09-25,11.1,9,269,6,8.2,10.0,11.5,10.285714285714286,9.128571428571428
1988-09-26,10.8,9,270,0,11.1,9.8,6.8,10.442857142857145,9.1
1988-09-27,8.8,9,271,1,10.8,5.5,4.7,10.585714285714285,9.385714285714286
1988-09-28,10.8,9,272,2,8.8,13.5,5.2,11.057142857142859,9.678571428571429
1988-09-29,8.7,9,273,3,10.8,16.6,6.8,10.671428571428573,10.078571428571431
1988-09-30,12.4,9,274,4,8.7,8.4,10.7,9.542857142857143,10.214285714285714
1988-10-01,9.0,10,275,5,12.4,8.2,10.1,10.114285714285714,10.335714285714287
1988-10-02,13.5,10,276,6,9.0,11.1,10.0,10.228571428571428,10.257142857142856
1988-10-03,14.7,10,277,0,13.5,10.8,9.8,10.571428571428571,10.507142857142856
1988-10-04,10.9,10,278,1,14.7,8.8,5.5,11.12857142857143,10.857142857142858
1988-10-05,8.5,10,279,2,10.9,10.8,13.5,11.428571428571429,11.242857142857144
1988-10-06,6.0,10,280,3,8.5,8.7,16.6,11.099999999999998,10.885714285714286
1988-10-07,12.7,10,281,4,6.0,12.4,8.4,10.714285714285714,10.12857142857143
1988-10-08,11.1,10,282,5,12.7,9.0,8.2,10.757142857142856,10.435714285714287
1988-10-09,8.7,10,283,6,11.1,13.5,11.1,11.057142857142855,10.642857142857142
1988-10-10,12.3,10,284,0,8.7,14.7,10.8,10.37142857142857,10.471428571428572
1988-10-11,13.3,10,285,1,12.3,10.9,8.8,10.028571428571428,10.578571428571431
1988-10-12,5.6,10,286,2,13.3,8.5,10.8,10.37142857142857,10.9
1988-10-13,13.7,10,287,3,5.6,6.0,8.7,9.957142857142856,10.528571428571427
1988-10-14,8.5,10,288,4,13.7,12.7,12.4,11.057142857142855,10.885714285714286
1988-10-15,11.2,10,289,5,8.5,11.1,9.0,10.457142857142856,10.607142857142858
1988-10-16,8.7,10,290,6,11.2,8.7,13.5,10.471428571428572,10.764285714285714
1988-10-17,11.7,10,291,0,8.7,12.3,14.7,10.471428571428572,10.421428571428573
1988-10-18,12.5,10,292,1,11.7,13.3,10.9,10.385714285714284,10.207142857142857
1988-10-19,8.2,10,293,2,12.5,5.6,8.5,10.271428571428572,10.321428571428571
1988-10-20,15.6,10,294,3,8.2,13.7,6.0,10.642857142857142,10.299999999999999
1988-10-21,10.3,10,295,4,15.6,8.5,12.7,10.914285714285715,10.985714285714286
1988-10-22,11.4,10,296,5,10.3,11.2,11.1,11.171428571428573,10.814285714285715
1988-10-23,9.7,10,297,6,11.4,8.7,8.7,11.200000000000001,10.835714285714285
1988-10-24,6.3,10,298,0,9.7,11.7,12.3,11.342857142857142,10.907142857142857
1988-10-25,14.3,10,299,1,6.3,12.5,13.3,10.57142857142857,10.478571428571428
1988-10-26,11.3,10,300,2,14.3,8.2,5.6,10.828571428571427,10.55
1988-10-27,7.3,10,301,3,11.3,15.6,13.7,11.271428571428572,10.957142857142857
1988-10-28,12.8,10,302,4,7.3,10.3,8.5,10.085714285714287,10.5
1988-10-29,11.9,10,303,5,12.8,11.4,11.2,10.442857142857141,10.807142857142859
1988-10-30,14.3,10,304,6,11.9,9.7,8.7,10.514285714285716,10.857142857142858
1988-10-31,11.6,10,305,0,14.3,6.3,11.7,11.171428571428573,11.257142857142856
1988-11-01,13.2,11,306,1,11.6,14.3,12.5,11.928571428571429,11.25
1988-11-02,15.5,11,307,2,13.2,11.3,8.2,11.771428571428572,11.299999999999999
1988-11-03,14.1,11,308,3,15.5,7.3,15.6,12.37142857142857,11.821428571428571
1988-11-04,9.5,11,309,4,14.1,12.8,10.3,13.342857142857142,11.714285714285714
1988-11-05,7.2,11,310,5,9.5,11.9,11.4,12.87142857142857,11.657142857142858
1988-11-06,11.8,11,311,6,7.2,14.3,9.7,12.2,11.357142857142858
1988-11-07,16.8,11,312,0,11.8,11.6,6.3,11.842857142857143,11.507142857142858
1988-11-08,12.5,11,313,1,16.8,13.2,14.3,12.585714285714287,12.257142857142856
1988-11-09,9.4,11,314,2,12.5,15.5,11.3,12.485714285714286,12.128571428571428
1988-11-10,11.9,11,315,3,9.4,14.1,7.3,11.614285714285714,11.992857142857144
1988-11-11,10.3,11,316,4,11.9,9.5,12.8,11.3,12.321428571428571
1988-11-12,16.9,11,317,5,10.3,7.2,11.9,11.414285714285715,12.142857142857142
1988-11-13,17.5,11,318,6,16.9,11.8,14.3,12.8,12.5
1988-11-14,7.5,11,319,0,17.5,16.8,11.6,13.614285714285716,12.728571428571428
1988-11-15,8.6,11,320,1,7.5,12.5,13.2,12.285714285714286,12.435714285714285
1988-11-16,11.1,11,321,2,8.6,9.4,15.5,11.728571428571428,12.107142857142858
1988-11-17,11.5,11,322,3,11.1,11.9,14.1,11.971428571428573,11.792857142857143
1988-11-18,10.7,11,323,4,11.5,10.3,9.5,11.914285714285715,11.607142857142858
1988-11-19,15.7,11,324,5,10.7,16.9,7.2,11.971428571428572,11.692857142857141
1988-11-20,12.8,11,325,6,15.7,17.5,11.8,11.799999999999999,12.299999999999999
1988-11-21,13.0,11,326,0,12.8,7.5,16.8,11.128571428571428,12.37142857142857
1988-11-22,12.9,11,327,1,13.0,8.6,12.5,11.914285714285713,12.1
1988-11-23,14.3,11,328,2,12.9,11.1,9.4,12.528571428571428,12.12857142857143
1988-11-24,13.7,11,329,3,14.3,11.5,11.9,12.985714285714284,12.47857142857143
1988-11-25,12.1,11,330,4,13.7,10.7,10.3,13.3,12.607142857142858
1988-11-26,11.9,11,331,5,12.1,15.7,16.9,13.5,12.735714285714284
1988-11-27,11.8,11,332,6,11.9,12.8,17.5,12.957142857142857,12.37857142857143
1988-11-28,11.4,11,333,0,11.8,13.0,7.5,12.814285714285715,11.971428571428573
1988-11-29,10.3,11,334,1,11.4,12.9,8.6,12.585714285714287,12.25
1988-11-30,11.7,11,335,2,10.3,14.3,11.1,12.214285714285714,12.37142857142857
1988-12-01,12.0,12,336,3,11.7,13.7,11.5,11.842857142857143,12.414285714285713
1988-12-02,17.4,12,337,4,12.0,12.1,10.7,11.6,12.45
1988-12-03,16.8,12,338,5,17.4,11.9,15.7,12.357142857142858,12.928571428571429
1988-12-04,16.2,12,339,6,16.8,11.8,12.8,13.057142857142859,13.007142857142858
1988-12-05,13.0,12,340,0,16.2,11.4,13.0,13.685714285714285,13.25
1988-12-06,12.5,12,341,1,13.0,10.3,12.9,13.914285714285713,13.25
1988-12-07,12.4,12,342,2,12.5,11.7,14.3,14.228571428571428,13.221428571428572
1988-12-08,16.1,12,343,3,12.4,12.0,13.7,14.328571428571427,13.085714285714285
1988-12-09,20.2,12,344,4,16.1,17.4,12.1,14.914285714285715,13.257142857142856
1988-12-10,14.3,12,345,5,20.2,16.8,11.9,15.314285714285715,13.835714285714287
1988-12-11,11.0,12,346,6,14.3,16.2,11.8,14.957142857142859,14.007142857142856
1988-12-12,14.4,12,347,0,11.0,13.0,11.4,14.214285714285714,13.95
1988-12-13,15.7,12,348,1,14.4,12.5,10.3,14.414285714285715,14.164285714285715
1988-12-14,19.7,12,349,2,15.7,12.4,11.7,14.871428571428572,14.549999999999999
1988-12-15,20.7,12,350,3,19.7,16.1,12.0,15.914285714285715,15.121428571428572
1988-12-16,23.9,12,351,4,20.7,20.2,17.4,16.571428571428573,15.742857142857144
1988-12-17,16.6,12,352,5,23.9,14.3,16.8,17.1,16.20714285714286
1988-12-18,17.5,12,353,6,16.6,11.0,16.2,17.428571428571427,16.192857142857143
1988-12-19,14.9,12,354,0,17.5,14.4,13.0,18.357142857142858,16.285714285714285
1988-12-20,13.6,12,355,1,14.9,15.7,12.5,18.428571428571427,16.42142857142857
1988-12-21,11.9,12,356,2,13.6,19.7,12.4,18.128571428571426,16.5
1988-12-22,15.2,12,357,3,11.9,20.7,16.1,17.014285714285712,16.464285714285715
1988-12-23,17.3,12,358,4,15.2,23.9,20.2,16.22857142857143,16.4
1988-12-24,19.8,12,359,5,17.3,16.6,14.3,15.285714285714286,16.192857142857143
1988-12-25,15.8,12,360,6,19.8,17.5,11.0,15.742857142857144,16.585714285714285
1988-12-26,9.5,12,361,0,15.8,14.9,14.4,15.5,16.928571428571427
1988-12-27,12.9,12,362,1,9.5,13.6,15.7,14.728571428571428,16.57857142857143
1988-12-28,12.9,12,363,2,12.9,11.9,19.7,14.62857142857143,16.37857142857143
1988-12-29,14.8,12,364,3,12.9,15.2,20.7,14.771428571428572,15.892857142857142
1988-12-30,14.1,12,365,4,14.8,17.3,23.9,14.714285714285714,15.471428571428573
1989-01-01,14.3,1,1,6,14.1,19.8,16.6,14.257142857142856,14.771428571428572
1989-01-02,17.4,1,2,0,14.3,15.8,17.5,13.471428571428573,14.607142857142858
1989-01-03,18.5,1,3,1,17.4,9.5,14.9,13.7,14.6
1989-01-04,16.8,1,4,2,18.5,12.9,13.6,14.985714285714286,14.857142857142858
1989-01-05,11.5,1,5,3,16.8,12.9,11.9,15.542857142857143,15.085714285714287
1989-01-06,9.5,1,6,4,11.5,14.8,15.2,15.342857142857142,15.057142857142859
1989-01-07,12.2,1,7,5,9.5,14.1,17.3,14.585714285714285,14.650000000000002
1989-01-08,15.7,1,8,6,12.2,14.3,19.8,14.314285714285715,14.285714285714286
1989-01-09,16.3,1,9,0,15.7,17.4,15.8,14.514285714285714,13.992857142857142
1989-01-10,13.6,1,10,1,16.3,18.5,9.5,14.357142857142858,14.028571428571428
1989-01-11,12.6,1,11,2,13.6,16.8,12.9,13.657142857142857,14.321428571428571
1989-01-12,13.8,1,12,3,12.6,11.5,12.9,13.057142857142859,14.299999999999999
1989-01-13,12.1,1,13,4,13.8,9.5,14.8,13.385714285714286,14.364285714285714
1989-01-14,13.4,1,14,5,12.1,12.2,14.1,13.757142857142856,14.171428571428573
1989-01-15,17.3,1,15,6,13.4,15.7,14.3,13.928571428571429,14.12142857142857
1989-01-16,19.4,1,16,0,17.3,16.3,17.4,14.157142857142857,14.335714285714287
1989-01-17,16.6,1,17,1,19.4,13.6,18.5,14.6,14.478571428571428
1989-01-18,13.9,1,18,2,16.6,12.6,16.8,15.028571428571428,14.342857142857143
1989-01-19,13.1,1,19,3,13.9,13.8,11.5,15.214285714285714,14.135714285714284
1989-01-20,16.0,1,20,4,13.1,12.1,9.5,15.114285714285714,14.25
1989-01-21,14.5,1,21,5,16.0,13.4,12.2,15.671428571428573,14.714285714285714
1989-01-22,15.0,1,22,6,14.5,17.3,15.7,15.828571428571427,14.87857142857143
1989-01-23,12.6,1,23,0,15.0,19.4,16.3,15.5,14.828571428571431
1989-01-24,12.5,1,24,1,12.6,16.6,13.6,14.528571428571428,14.564285714285715
1989-01-25,15.2,1,25,2,12.5,13.9,12.6,13.942857142857145,14.485714285714286
1989-01-26,16.2,1,26,3,15.2,13.1,13.8,14.128571428571428,14.671428571428573
1989-01-27,16.5,1,27,4,16.2,16.0,12.1,14.571428571428571,14.842857142857143
1989-01-28,20.1,1,28,5,16.5,14.5,13.4,14.642857142857142,15.157142857142857
1989-01-29,20.6,1,29,6,20.1,15.0,17.3,15.442857142857141,15.635714285714286
1989-01-30,16.9,1,30,0,20.6,12.6,19.4,16.242857142857144,15.87142857142857
1989-01-31,16.5,1,31,1,16.9,12.5,16.6,16.857142857142858,15.692857142857145
1989-02-01,16.1,2,32,2,16.5,15.2,13.9,17.428571428571427,15.685714285714285
1989-02-02,14.4,2,33,3,16.1,16.2,13.1,17.557142857142857,15.842857142857143
1989-02-03,16.3,2,34,4,14.4,16.5,16.0,17.3,15.935714285714285
1989-02-04,15.7,2,35,5,16.3,20.1,14.5,17.271428571428572,15.957142857142856
1989-02-05,14.2,2,36,6,15.7,20.6,15.0,16.642857142857146,16.04285714285714
1989-02-06,13.2,2,37,0,14.2,16.9,12.6,15.728571428571428,15.985714285714284
1989-02-07,16.8,2,38,1,13.2,16.5,12.5,15.2,16.02857142857143
1989-02-08,18.5,2,39,2,16.8,16.1,15.2,15.242857142857146,16.335714285714285
1989-02-09,16.7,2,40,3,18.5,14.4,16.2,15.585714285714285,16.571428571428573
1989-02-10,15.3,2,41,4,16.7,16.3,16.5,15.914285714285713,16.607142857142858
1989-02-11,15.9,2,42,5,15.3,15.7,20.1,15.771428571428572,16.52142857142857
1989-02-12,15.2,2,43,6,15.9,14.2,20.6,15.799999999999999,16.22142857142857
1989-02-13,17.5,2,44,0,15.2,13.2,16.9,15.942857142857145,15.835714285714285
1989-02-14,18.3,2,45,1,17.5,16.8,16.5,16.557142857142857,15.87857142857143
1989-02-15,19.4,2,46,2,18.3,18.5,16.1,16.77142857142857,16.007142857142856
1989-02-16,19.4,2,47,3,19.4,16.7,14.4,16.900000000000002,16.242857142857144
1989-02-17,19.5,2,48,4,19.4,15.3,16.3,17.285714285714285,16.6
1989-02-18,20.5,2,49,5,19.5,15.9,15.7,17.885714285714283,16.82857142857143
1989-02-19,15.7,2,50,6,20.5,15.2,14.2,18.542857142857144,17.17142857142857
1989-02-20,15.0,2,51,0,15.7,17.5,13.2,18.614285714285717,17.27857142857143
1989-02-21,16.1,2,52,1,15.0,18.3,16.8,18.257142857142856,17.407142857142855
1989-02-22,14.3,2,53,2,16.1,19.4,18.5,17.942857142857143,17.357142857142858
1989-02-23,13.0,2,54,3,14.3,19.4,16.7,17.214285714285715,17.057142857142857
1989-02-24,16.2,2,55,4,13.0,19.5,15.3,16.3,16.79285714285714
1989-02-25,17.7,2,56,5,16.2,20.5,15.9,15.828571428571431,16.857142857142858
1989-02-26,13.2,2,57,6,17.7,15.7,15.2,15.428571428571429,16.985714285714288
1989-02-27,15.8,2,58,0,13.2,15.0,17.5,15.071428571428571,16.842857142857145
1989-02-28,18.5,2,59,1,15.8,16.1,18.3,15.185714285714285,16.72142857142857
1989-03-01,20.4,3,60,2,18.5,14.3,19.4,15.528571428571427,16.735714285714288
1989-03-02,22.0,3,61,3,20.4,13.0,19.4,16.4,16.807142857142857
1989-03-03,19.7,3,62,4,22.0,16.2,19.5,17.685714285714287,16.99285714285714
1989-03-04,19.6,3,63,5,19.7,17.7,20.5,18.185714285714283,17.007142857142856
1989-03-05,20.3,3,64,6,19.6,13.2,15.7,18.457142857142856,16.942857142857143
1989-03-06,18.3,3,65,0,20.3,15.8,15.0,19.47142857142857,17.271428571428572
1989-03-07,18.9,3,66,1,18.3,18.5,16.1,19.82857142857143,17.507142857142856
1989-03-08,20.3,3,67,2,18.9,20.4,14.3,19.885714285714283,17.70714285714286
1989-03-09,21.4,3,68,3,20.3,22.0,13.0,19.87142857142857,18.135714285714286
1989-03-10,18.3,3,69,4,21.4,19.7,16.2,19.785714285714285,18.735714285714288
1989-03-11,17.8,3,70,5,18.3,19.6,17.7,19.58571428571429,18.885714285714283
1989-03-12,17.7,3,71,6,17.8,20.3,13.2,19.32857142857143,18.892857142857142
1989-03-13,12.8,3,72,0,17.7,18.3,15.8,18.957142857142856,19.214285714285715
1989-03-14,15.1,3,73,1,12.8,18.9,18.5,18.17142857142857,19.0
1989-03-15,15.0,3,74,2,15.1,20.3,20.4,17.62857142857143,18.757142857142856
1989-03-16,14.8,3,75,3,15.0,21.4,22.0,16.871428571428574,18.37142857142857
1989-03-17,12.0,3,76,4,14.8,18.3,19.7,15.928571428571429,17.857142857142858
1989-03-18,12.5,3,77,5,12.0,17.8,19.6,15.028571428571428,17.307142857142857
1989-03-19,15.0,3,78,6,12.5,17.7,20.3,14.271428571428572,16.8
1989-03-20,17.1,3,79,0,15.0,12.8,18.3,13.885714285714286,16.42142857142857
1989-03-21,17.3,3,80,1,17.1,15.1,18.9,14.5,16.335714285714285
1989-03-22,16.9,3,81,2,17.3,15.0,20.3,14.814285714285715,16.22142857142857
1989-03-23,16.5,3,82,3,16.9,14.8,21.4,15.085714285714285,15.978571428571428
1989-03-24,13.6,3,83,4,16.5,12.0,18.3,15.328571428571427,15.62857142857143
1989-03-25,13.2,3,84,5,13.6,12.5,17.8,15.557142857142859,15.292857142857143
1989-03-26,9.4,3,85,6,13.2,15.0,17.7,15.657142857142857,14.964285714285714
1989-03-27,9.5,3,86,0,9.4,17.1,12.8,14.857142857142858,14.37142857142857
1989-03-28,11.8,3,87,1,9.5,17.3,15.1,13.771428571428572,14.135714285714284
1989-03-29,10.4,3,88,2,11.8,16.9,15.0,12.985714285714284,13.9
1989-03-30,9.7,3,89,3,10.4,16.5,14.8,12.057142857142859,13.571428571428571
1989-03-31,12.6,3,90,4,9.7,13.6,12.0,11.085714285714287,13.207142857142857
1989-04-01,13.3,4,91,5,12.6,13.2,12.5,10.942857142857141,13.25
1989-04-02,15.1,4,92,6,13.3,9.4,15.0,10.957142857142857,13.307142857142859
1989-04-03,14.2,4,93,0,15.1,9.5,17.1,11.771428571428572,13.314285714285715
1989-04-04,14.2,4,94,1,14.2,11.8,17.3,12.442857142857145,13.107142857142858
1989-04-05,19.2,4,95,2,14.2,10.4,16.9,12.785714285714286,12.885714285714286
1989-04-06,12.6,4,96,3,19.2,9.7,16.5,14.042857142857144,13.049999999999999
1989-04-07,14.2,4,97,4,12.6,12.6,13.6,14.457142857142857,12.771428571428572
1989-04-08,11.9,4,98,5,14.2,13.3,13.2,14.685714285714285,12.814285714285715
1989-04-09,13.9,4,99,6,11.9,15.1,9.4,14.485714285714284,12.721428571428572
1989-04-10,13.5,4,100,0,13.9,14.2,9.5,14.314285714285715,13.042857142857143
1989-04-11,15.3,4,101,1,13.5,14.2,11.8,14.214285714285714,13.328571428571431
1989-04-12,13.9,4,102,2,15.3,19.2,10.4,14.37142857142857,13.578571428571427
1989-04-13,14.0,4,103,3,13.9,12.6,9.7,13.614285714285716,13.828571428571427
1989-04-14,12.9,4,104,4,14.0,14.2,12.6,13.814285714285715,14.135714285714286
1989-04-15,8.5,4,105,5,12.9,11.9,13.3,13.628571428571428,14.157142857142858
1989-04-16,11.4,4,106,6,8.5,13.9,15.1,13.142857142857142,13.814285714285715
1989-04-17,10.9,4,107,0,11.4,13.5,14.2,12.785714285714286,13.55
1989-04-18,12.0,4,108,1,10.9,15.3,14.2,12.414285714285715,13.314285714285715
1989-04-19,8.6,4,109,2,12.0,13.9,19.2,11.942857142857145,13.157142857142858
1989-04-20,9.0,4,110,3,8.6,14.0,12.6,11.185714285714285,12.4
1989-04-21,9.6,4,111,4,9.0,12.9,14.2,10.471428571428572,12.142857142857142
1989-04-22,10.2,4,112,5,9.6,8.5,11.9,10.0,11.814285714285715
1989-04-23,9.8,4,113,6,10.2,11.4,13.9,10.242857142857144,11.692857142857141
1989-04-24,8.3,4,114,0,9.8,10.9,13.5,10.014285714285714,11.4
1989-04-25,11.0,4,115,1,8.3,12.0,15.3,9.642857142857142,11.028571428571428
1989-04-26,11.9,4,116,2,11.0,8.6,13.9,9.5,10.721428571428573
1989-04-27,14.0,4,117,3,11.9,9.0,14.0,9.971428571428572,10.578571428571427
1989-04-28,15.8,4,118,4,14.0,9.6,12.9,10.685714285714285,10.578571428571427
1989-04-29,14.5,4,119,5,15.8,10.2,8.5,11.571428571428571,10.785714285714286
1989-04-30,13.2,4,120,6,14.5,9.8,11.4,12.185714285714287,11.214285714285714
1989-05-01,14.2,5,121,0,13.2,8.3,10.9,12.671428571428573,11.342857142857142
1989-05-02,14.6,5,122,1,14.2,11.0,12.0,13.514285714285714,11.578571428571427
1989-05-03,11.8,5,123,2,14.6,11.9,8.6,14.028571428571427,11.764285714285714
1989-05-04,14.4,5,124,3,11.8,14.0,9.0,14.014285714285716,11.992857142857144
1989-05-05,10.4,5,125,4,14.4,15.8,9.6,14.071428571428571,12.378571428571428
1989-05-06,10.3,5,126,5,10.4,14.5,10.2,13.299999999999999,12.435714285714285
1989-05-07,10.8,5,127,6,10.3,13.2,9.8,12.7,12.442857142857145
1989-05-08,10.5,5,128,0,10.8,14.2,8.3,12.357142857142858,12.514285714285714
1989-05-09,9.5,5,129,1,10.5,14.6,11.0,11.828571428571427,12.671428571428569
1989-05-10,12.5,5,130,2,9.5,11.8,11.9,11.1,12.564285714285713
1989-05-11,13.7,5,131,3,12.5,14.4,14.0,11.2,12.607142857142858
1989-05-12,12.7,5,132,4,13.7,10.4,15.8,11.1,12.585714285714287
1989-05-13,11.9,5,133,5,12.7,10.3,14.5,11.428571428571429,12.364285714285714
1989-05-14,11.4,5,134,6,11.9,10.8,13.2,11.657142857142857,12.178571428571429
1989-05-15,9.7,5,135,0,11.4,10.5,14.2,11.742857142857144,12.05
1989-05-16,8.3,5,136,1,9.7,9.5,14.6,11.62857142857143,11.728571428571428
1989-05-17,8.1,5,137,2,8.3,12.5,11.8,11.457142857142857,11.278571428571428
1989-05-18,11.7,5,138,3,8.1,13.7,14.4,10.828571428571431,11.014285714285714
1989-05-19,11.6,5,139,4,11.7,12.7,10.4,10.542857142857143,10.821428571428571
1989-05-20,7.4,5,140,5,11.6,11.9,10.3,10.385714285714286,10.907142857142858
1989-05-21,5.2,5,141,6,7.4,11.4,10.8,9.742857142857144,10.7
1989-05-22,11.0,5,142,0,5.2,9.7,10.5,8.857142857142858,10.3
1989-05-23,9.5,5,143,1,11.0,8.3,9.5,9.042857142857143,10.335714285714287
1989-05-24,9.2,5,144,2,9.5,8.1,12.5,9.214285714285714,10.335714285714287
1989-05-25,10.7,5,145,3,9.2,11.7,13.7,9.37142857142857,10.1
1989-05-26,9.0,5,146,4,10.7,11.6,12.7,9.228571428571428,9.885714285714284
1989-05-27,10.2,5,147,5,9.0,7.4,11.9,8.857142857142858,9.62142857142857
1989-05-28,10.3,5,148,6,10.2,5.2,11.4,9.257142857142856,9.5
1989-05-29,12.1,5,149,0,10.3,11.0,9.7,9.985714285714286,9.421428571428569
1989-05-30,13.2,5,150,1,12.1,9.5,8.3,10.142857142857142,9.592857142857143
1989-05-31,6.6,5,151,2,13.2,9.2,8.1,10.671428571428573,9.942857142857141
1989-06-01,2.3,6,152,3,6.6,10.7,11.7,10.299999999999999,9.835714285714285
1989-06-02,1.4,6,153,4,2.3,9.0,11.6,9.1,9.164285714285713
1989-06-03,2.1,6,154,5,1.4,10.2,7.4,8.014285714285714,8.435714285714285
1989-06-04,6.6,6,155,6,2.1,10.3,5.2,6.857142857142857,8.057142857142857
1989-06-05,8.9,6,156,0,6.6,12.1,11.0,6.328571428571428,8.157142857142857
1989-06-06,7.8,6,157,1,8.9,13.2,9.5,5.871428571428571,8.007142857142856
1989-06-07,9.0,6,158,2,7.8,6.6,9.2,5.1000000000000005,7.885714285714285
1989-06-08,10.3,6,159,3,9.0,2.3,10.7,5.442857142857143,7.871428571428572
1989-06-09,7.9,6,160,4,10.3,1.4,9.0,6.585714285714287,7.8428571428571425
1989-06-10,7.2,6,161,5,7.9,2.1,10.2,7.514285714285714,7.764285714285714
1989-06-11,8.6,6,162,6,7.2,6.6,10.3,8.242857142857144,7.55
1989-06-12,8.8,6,163,0,8.6,8.9,12.1,8.528571428571428,7.428571428571429
1989-06-13,6.2,6,164,1,8.8,7.8,13.2,8.514285714285714,7.192857142857143
1989-06-14,9.5,6,165,2,6.2,9.0,6.6,8.285714285714286,6.692857142857143
1989-06-15,10.2,6,166,3,9.5,10.3,2.3,8.357142857142858,6.8999999999999995
1989-06-16,9.7,6,167,4,10.2,7.9,1.4,8.342857142857143,7.464285714285714
1989-06-17,11.2,6,168,5,9.7,7.2,2.1,8.6,8.057142857142859
1989-06-18,10.2,6,169,6,11.2,8.6,6.6,9.171428571428573,8.707142857142857
1989-06-19,10.1,6,170,0,10.2,8.8,8.9,9.4,8.964285714285714
1989-06-20,8.1,6,171,1,10.1,6.2,7.8,9.585714285714285,9.049999999999999
1989-06-21,6.6,6,172,2,8.1,9.5,9.0,9.857142857142858,9.071428571428571
1989-06-22,5.0,6,173,3,6.6,10.2,10.3,9.442857142857141,8.9
1989-06-23,4.7,6,174,4,5.0,9.7,7.9,8.7,8.52142857142857
1989-06-24,5.3,6,175,5,4.7,11.2,7.2,7.985714285714286,8.292857142857143
1989-06-25,4.5,6,176,6,5.3,10.2,8.6,7.142857142857143,8.157142857142857
1989-06-26,2.3,6,177,0,4.5,10.1,8.8,6.328571428571428,7.864285714285714
1989-06-27,1.4,6,178,1,2.3,8.1,6.2,5.214285714285714,7.3999999999999995
1989-06-28,0.5,6,179,2,1.4,6.6,9.5,4.257142857142857,7.057142857142857
1989-06-29,2.4,6,180,3,0.5,5.0,10.2,3.385714285714286,6.414285714285714
1989-06-30,8.0,6,181,4,2.4,4.7,9.7,3.0142857142857147,5.857142857142857
1989-07-01,6.0,7,182,5,8.0,5.3,11.2,3.4857142857142853,5.735714285714287
1989-07-02,7.1,7,183,6,6.0,4.5,10.2,3.585714285714286,5.364285714285714
1989-07-03,9.7,7,184,0,7.1,2.3,10.1,3.9571428571428577,5.142857142857143
1989-07-04,6.9,7,185,1,9.7,1.4,8.1,5.014285714285714,5.114285714285714
1989-07-05,5.3,7,186,2,6.9,0.5,6.6,5.8,5.028571428571429
1989-07-06,7.0,7,187,3,5.3,2.4,5.0,6.485714285714286,4.935714285714285
1989-07-07,6.2,7,188,4,7.0,8.0,4.7,7.142857142857143,5.078571428571428
1989-07-08,7.0,7,189,5,6.2,6.0,5.3,6.885714285714286,5.185714285714285
1989-07-09,9.7,7,190,6,7.0,7.1,4.5,7.028571428571429,5.307142857142857
1989-07-10,8.0,7,191,0,9.7,9.7,2.3,7.3999999999999995,5.678571428571429
1989-07-11,8.5,7,192,1,8.0,6.9,1.4,7.157142857142857,6.085714285714286
1989-07-12,7.1,7,193,2,8.5,5.3,0.5,7.385714285714286,6.5928571428571425
1989-07-13,7.5,7,194,3,7.1,7.0,2.4,7.642857142857143,7.064285714285714
1989-07-14,3.3,7,195,4,7.5,6.2,8.0,7.714285714285714,7.428571428571429
1989-07-15,1.8,7,196,5,3.3,7.0,6.0,7.3,7.092857142857143
1989-07-16,2.6,7,197,6,1.8,9.7,7.1,6.557142857142857,6.792857142857144
1989-07-17,5.3,7,198,0,2.6,8.0,9.7,5.542857142857144,6.471428571428571
1989-07-18,5.8,7,199,1,5.3,8.5,6.9,5.1571428571428575,6.157142857142857
1989-07-19,5.8,7,200,2,5.8,7.1,5.3,4.771428571428571,6.078571428571429
1989-07-20,7.2,7,201,3,5.8,7.5,7.0,4.5857142857142845,6.114285714285715
1989-07-21,5.3,7,202,4,7.2,3.3,6.2,4.542857142857143,6.128571428571429
1989-07-22,1.6,7,203,5,5.3,1.8,7.0,4.828571428571428,6.064285714285715
1989-07-23,3.1,7,204,6,1.6,2.6,9.7,4.8,5.678571428571429
1989-07-24,5.3,7,205,0,3.1,5.3,8.0,4.871428571428572,5.207142857142857
1989-07-25,7.7,7,206,1,5.3,5.8,8.5,4.871428571428572,5.014285714285714
1989-07-26,4.2,7,207,2,7.7,5.8,7.1,5.142857142857143,4.957142857142857
1989-07-27,5.5,7,208,3,4.2,7.2,7.5,4.914285714285714,4.75
1989-07-28,9.0,7,209,4,5.5,5.3,3.3,4.671428571428572,4.607142857142857
1989-07-29,11.2,7,210,5,9.0,1.6,1.8,5.2,5.014285714285714
1989-07-30,8.0,7,211,6,11.2,3.1,2.6,6.571428571428571,5.685714285714286
1989-07-31,7.6,7,212,0,8.0,5.3,5.3,7.271428571428571,6.071428571428571
1989-08-01,3.7,8,213,1,7.6,7.7,5.8,7.6000000000000005,6.235714285714286
1989-08-02,7.5,8,214,2,3.7,4.2,5.8,7.028571428571428,6.085714285714286
1989-08-03,8.1,8,215,3,7.5,5.5,7.2,7.5,6.207142857142857
1989-08-04,8.4,8,216,4,8.1,9.0,5.3,7.871428571428572,6.271428571428571
1989-08-05,7.1,8,217,5,8.4,11.2,1.6,7.785714285714286,6.492857142857143
1989-08-06,7.6,8,218,6,7.1,8.0,3.1,7.2,6.885714285714285
1989-08-07,7.6,8,219,0,7.6,7.6,5.3,7.142857142857143,7.207142857142857
1989-08-08,5.6,8,220,1,7.6,3.7,7.7,7.142857142857143,7.371428571428572
1989-08-09,7.0,8,221,2,5.6,7.5,4.2,7.414285714285714,7.221428571428571
1989-08-10,10.5,8,222,3,7.0,8.1,5.5,7.3428571428571425,7.421428571428571
1989-08-11,7.3,8,223,4,10.5,8.4,9.0,7.685714285714285,7.778571428571428
1989-08-12,7.8,8,224,5,7.3,7.1,11.2,7.528571428571429,7.6571428571428575
1989-08-13,5.8,8,225,6,7.8,7.6,8.0,7.628571428571428,7.414285714285714
1989-08-14,3.8,8,226,0,5.8,7.6,7.6,7.371428571428571,7.257142857142857
1989-08-15,5.8,8,227,1,3.8,5.6,3.7,6.828571428571429,6.985714285714286
1989-08-16,6.7,8,228,2,5.8,7.0,7.5,6.857142857142857,7.135714285714285
1989-08-17,6.6,8,229,3,6.7,10.5,8.1,6.814285714285715,7.078571428571428
1989-08-18,6.6,8,230,4,6.6,7.3,8.4,6.257142857142857,6.971428571428571
1989-08-19,9.0,8,231,5,6.6,7.8,7.1,6.157142857142857,6.8428571428571425
1989-08-20,8.1,8,232,6,9.0,5.8,7.6,6.328571428571428,6.978571428571429
1989-08-21,5.1,8,233,0,8.1,3.8,7.6,6.6571428571428575,7.014285714285713
1989-08-22,8.6,8,234,1,5.1,5.8,5.6,6.8428571428571425,6.835714285714286
1989-08-23,7.0,8,235,2,8.6,6.7,7.0,7.242857142857143,7.05
1989-08-24,5.5,8,236,3,7.0,6.6,10.5,7.285714285714286,7.05
1989-08-25,7.4,8,237,4,5.5,6.6,7.3,7.128571428571429,6.692857142857143
1989-08-26,6.2,8,238,5,7.4,9.0,7.8,7.242857142857143,6.7
1989-08-27,4.2,8,239,6,6.2,8.1,5.8,6.8428571428571425,6.5857142857142845
1989-08-28,6.3,8,240,0,4.2,5.1,3.8,6.285714285714286,6.471428571428571
1989-08-29,7.0,8,241,1,6.3,8.6,5.8,6.457142857142856,6.6499999999999995
1989-08-30,4.0,8,242,2,7.0,7.0,6.7,6.228571428571428,6.735714285714286
1989-08-31,8.0,8,243,3,4.0,5.5,6.6,5.799999999999999,6.542857142857143
1989-09-01,8.8,9,244,4,8.0,7.4,6.6,6.157142857142857,6.642857142857143
1989-09-02,8.8,9,245,5,8.8,6.2,9.0,6.357142857142857,6.8
1989-09-03,6.1,9,246,6,8.8,4.2,8.1,6.7285714285714295,6.785714285714286
1989-09-04,8.6,9,247,0,6.1,6.3,5.1,7.0,6.642857142857143
1989-09-05,8.9,9,248,1,8.6,7.0,8.6,7.328571428571429,6.892857142857143
1989-09-06,7.8,9,249,2,8.9,4.0,7.0,7.6000000000000005,6.914285714285714
1989-09-07,5.0,9,250,3,7.8,8.0,5.5,8.142857142857144,6.971428571428572
1989-09-08,7.0,9,251,4,5.0,8.8,7.4,7.714285714285714,6.935714285714286
1989-09-09,13.3,9,252,5,7.0,8.8,6.2,7.457142857142857,6.9071428571428575
1989-09-10,7.9,9,253,6,13.3,6.1,4.2,8.1,7.4142857142857155
1989-09-11,7.5,9,254,0,7.9,8.6,6.3,8.357142857142858,7.678571428571429
1989-09-12,8.3,9,255,1,7.5,8.9,7.0,8.2,7.764285714285714
1989-09-13,7.2,9,256,2,8.3,7.8,4.0,8.114285714285716,7.8571428571428585
1989-09-14,6.5,9,257,3,7.2,5.0,8.0,8.028571428571428,8.085714285714285
1989-09-15,8.9,9,258,4,6.5,7.0,8.8,8.242857142857142,7.978571428571428
1989-09-16,7.4,9,259,5,8.9,13.3,8.8,8.514285714285714,7.985714285714286
1989-09-17,9.9,9,260,6,7.4,7.9,6.1,7.671428571428572,7.885714285714286
1989-09-18,9.3,9,261,0,9.9,7.5,8.6,7.957142857142857,8.157142857142857
1989-09-19,10.6,9,262,1,9.3,8.3,8.9,8.214285714285714,8.207142857142857
1989-09-20,8.6,9,263,2,10.6,7.2,7.8,8.542857142857143,8.32857142857143
1989-09-21,7.2,9,264,3,8.6,6.5,5.0,8.742857142857144,8.385714285714284
1989-09-22,12.6,9,265,4,7.2,8.9,7.0,8.842857142857143,8.542857142857143
1989-09-23,7.8,9,266,5,12.6,7.4,13.3,9.37142857142857,8.942857142857141
1989-09-24,6.3,9,267,6,7.8,9.9,7.9,9.428571428571429,8.55
1989-09-25,9.2,9,268,0,6.3,9.3,7.5,8.914285714285715,8.435714285714287
1989-09-26,5.8,9,269,1,9.2,10.6,8.3,8.9,8.557142857142859
1989-09-27,9.0,9,270,2,5.8,8.6,7.2,8.214285714285714,8.378571428571428
1989-09-28,5.0,9,271,3,9.0,7.2,6.5,8.27142857142857,8.507142857142858
1989-09-29,11.9,9,272,4,5.0,12.6,8.9,7.957142857142856,8.4
1989-09-30,13.4,9,273,5,11.9,7.8,7.4,7.857142857142856,8.614285714285714
1989-10-01,10.5,10,274,6,13.4,6.3,9.9,8.657142857142857,9.042857142857143
1989-10-02,6.2,10,275,0,10.5,9.2,9.3,9.257142857142856,9.085714285714285
1989-10-03,5.1,10,276,1,6.2,5.8,10.6,8.828571428571427,8.864285714285716
1989-10-04,9.5,10,277,2,5.1,9.0,8.6,8.72857142857143,8.471428571428572
1989-10-05,11.7,10,278,3,9.5,5.0,7.2,8.8,8.535714285714286
1989-10-06,9.2,10,279,4,11.7,11.9,12.6,9.757142857142856,8.857142857142858
1989-10-07,7.3,10,280,5,9.2,13.4,7.8,9.37142857142857,8.614285714285716
1989-10-08,9.7,10,281,6,7.3,10.5,6.3,8.499999999999998,8.578571428571427
1989-10-09,9.4,10,282,0,9.7,6.2,9.2,8.385714285714286,8.821428571428571
1989-10-10,10.0,10,283,1,9.4,5.1,5.8,8.842857142857143,8.835714285714285
1989-10-11,10.9,10,284,2,10.0,9.5,9.0,9.542857142857143,9.135714285714284
1989-10-12,11.0,10,285,3,10.9,11.7,5.0,9.742857142857144,9.271428571428572
1989-10-13,10.9,10,286,4,11.0,9.2,11.9,9.642857142857142,9.700000000000001
1989-10-14,8.0,10,287,5,10.9,7.3,13.4,9.885714285714286,9.62857142857143
1989-10-15,11.2,10,288,6,8.0,9.7,10.5,9.985714285714286,9.242857142857144
1989-10-16,7.5,10,289,0,11.2,9.4,6.2,10.200000000000001,9.292857142857143
1989-10-17,7.2,10,290,1,7.5,10.0,5.1,9.928571428571429,9.385714285714286
1989-10-18,13.2,10,291,2,7.2,10.9,9.5,9.528571428571428,9.535714285714286
1989-10-19,12.9,10,292,3,13.2,11.0,11.7,9.857142857142858,9.799999999999999
1989-10-20,9.4,10,293,4,12.9,10.9,9.2,10.128571428571428,9.885714285714286
1989-10-21,10.2,10,294,5,9.4,8.0,7.3,9.914285714285715,9.900000000000002
1989-10-22,9.5,10,295,6,10.2,11.2,9.7,10.228571428571428,10.107142857142858
1989-10-23,12.4,10,296,0,9.5,7.5,9.4,9.985714285714286,10.092857142857143
1989-10-24,10.2,10,297,1,12.4,7.2,10.0,10.685714285714285,10.307142857142859
1989-10-25,13.4,10,298,2,10.2,13.2,10.9,11.114285714285714,10.321428571428571
1989-10-26,11.6,10,299,3,13.4,12.9,11.0,11.142857142857142,10.5
1989-10-27,8.0,10,300,4,11.6,9.4,10.9,10.957142857142857,10.542857142857143
1989-10-28,9.0,10,301,5,8.0,10.2,8.0,10.757142857142856,10.335714285714285
1989-10-29,9.3,10,302,6,9.0,9.5,11.2,10.585714285714285,10.407142857142857
1989-10-30,13.5,10,303,0,9.3,12.4,7.5,10.557142857142855,10.271428571428572
1989-10-31,8.0,10,304,1,13.5,10.2,7.2,10.714285714285714,10.700000000000001
1989-11-01,8.1,11,305,2,8.0,13.4,13.2,10.4,10.757142857142856
1989-11-02,10.0,11,306,3,8.1,11.6,12.9,9.642857142857142,10.392857142857142
1989-11-03,8.5,11,307,4,10.0,8.0,9.4,9.414285714285715,10.185714285714285
1989-11-04,12.5,11,308,5,8.5,9.0,10.2,9.485714285714286,10.12142857142857
1989-11-05,15.0,11,309,6,12.5,9.3,9.5,9.985714285714286,10.285714285714286
1989-11-06,13.3,11,310,0,15.0,13.5,12.4,10.799999999999999,10.678571428571429
1989-11-07,11.0,11,311,1,13.3,8.0,10.2,10.771428571428572,10.742857142857144
1989-11-08,11.9,11,312,2,11.0,8.1,13.4,11.200000000000001,10.8
1989-11-09,8.3,11,313,3,11.9,10.0,11.6,11.742857142857144,10.692857142857141
1989-11-10,9.7,11,314,4,8.3,8.5,8.0,11.5,10.457142857142857
1989-11-11,11.3,11,315,5,9.7,12.5,9.0,11.671428571428573,10.578571428571427
1989-11-12,12.5,11,316,6,11.3,15.0,9.3,11.5,10.742857142857144
1989-11-13,9.4,11,317,0,12.5,13.3,13.5,11.142857142857142,10.971428571428572
1989-11-14,11.4,11,318,1,9.4,11.0,8.0,10.585714285714285,10.678571428571429
1989-11-15,13.2,11,319,2,11.4,11.9,8.1,10.642857142857142,10.921428571428573
1989-11-16,13.8,11,320,3,13.2,8.3,10.0,10.828571428571427,11.285714285714286
1989-11-17,16.0,11,321,4,13.8,9.7,8.5,11.614285714285716,11.557142857142859
1989-11-18,10.9,11,322,5,16.0,11.3,12.5,12.514285714285716,12.092857142857143
1989-11-19,11.9,11,323,6,10.9,12.5,15.0,12.457142857142857,11.978571428571428
1989-11-20,12.4,11,324,0,11.9,9.4,13.3,12.371428571428572,11.757142857142856
1989-11-21,13.2,11,325,1,12.4,11.4,11.0,12.799999999999999,11.692857142857141
1989-11-22,15.5,11,326,2,13.2,13.2,11.9,13.057142857142855,11.849999999999998
1989-11-23,21.6,11,327,3,15.5,13.8,8.3,13.385714285714286,12.107142857142858
1989-11-24,14.9,11,328,4,21.6,16.0,9.7,14.5,13.057142857142859
1989-11-25,14.4,11,329,5,14.9,10.9,11.3,14.342857142857142,13.42857142857143
1989-11-26,12.9,11,330,6,14.4,11.9,12.5,14.842857142857143,13.65
1989-11-27,13.1,11,331,0,12.9,12.4,9.4,14.985714285714286,13.678571428571429
1989-11-28,14.0,11,332,1,13.1,13.2,11.4,15.085714285714285,13.942857142857141
1989-11-29,17.9,11,333,2,14.0,15.5,13.2,15.200000000000001,14.128571428571428
1989-11-30,17.7,11,334,3,17.9,21.6,13.8,15.542857142857144,14.464285714285714
1989-12-01,16.3,12,335,4,17.7,14.9,16.0,14.985714285714284,14.742857142857142
1989-12-02,18.3,12,336,5,16.3,14.4,10.9,15.185714285714287,14.764285714285714
1989-12-03,13.7,12,337,6,18.3,12.9,11.9,15.742857142857144,15.292857142857144
1989-12-04,13.3,12,338,0,13.7,13.1,12.4,15.857142857142858,15.421428571428573
1989-12-05,10.6,12,339,1,13.3,14.0,13.2,15.885714285714286,15.485714285714286
1989-12-06,14.1,12,340,2,10.6,17.9,15.5,15.4,15.3
1989-12-07,16.0,12,341,3,14.1,17.7,21.6,14.857142857142858,15.2
1989-12-08,16.5,12,342,4,16.0,16.3,14.9,14.614285714285716,14.799999999999999
1989-12-09,14.1,12,343,5,16.5,18.3,14.4,14.642857142857142,14.914285714285713
1989-12-10,18.7,12,344,6,14.1,13.7,12.9,14.042857142857143,14.892857142857142
1989-12-11,16.2,12,345,0,18.7,13.3,13.1,14.757142857142854,15.307142857142859
1989-12-12,14.8,12,346,1,16.2,10.6,14.0,15.171428571428569,15.528571428571428
1989-12-13,12.6,12,347,2,14.8,14.1,17.9,15.771428571428572,15.585714285714287
1989-12-14,10.4,12,348,3,12.6,16.0,17.7,15.557142857142859,15.207142857142857
1989-12-15,12.2,12,349,4,10.4,16.5,16.3,14.757142857142858,14.685714285714285
1989-12-16,12.6,12,350,5,12.2,14.1,18.3,14.142857142857142,14.392857142857142
1989-12-17,12.1,12,351,6,12.6,18.7,13.7,13.928571428571429,13.985714285714284
1989-12-18,17.3,12,352,0,12.1,16.2,13.3,12.985714285714286,13.87142857142857
1989-12-19,16.4,12,353,1,17.3,14.8,10.6,13.142857142857142,14.157142857142857
1989-12-20,12.6,12,354,2,16.4,12.6,14.1,13.37142857142857,14.571428571428571
1989-12-21,12.3,12,355,3,12.6,10.4,16.0,13.37142857142857,14.464285714285714
1989-12-22,11.8,12,356,4,12.3,12.2,16.5,13.64285714285714,14.200000000000001
1989-12-23,12.0,12,357,5,11.8,12.6,14.1,13.585714285714287,13.864285714285714
1989-12-24,12.7,12,358,6,12.0,12.1,18.7,13.5,13.714285714285714
1989-12-25,16.4,12,359,0,12.7,17.3,16.2,13.585714285714285,13.285714285714286
1989-12-26,16.0,12,360,1,16.4,16.4,14.8,13.457142857142857,13.299999999999999
1989-12-27,13.3,12,361,2,16.0,12.6,12.6,13.4,13.385714285714284
1989-12-28,11.7,12,362,3,13.3,12.3,10.4,13.5,13.435714285714285
1989-12-29,10.4,12,363,4,11.7,11.8,12.2,13.414285714285715,13.528571428571427
1989-12-30,14.4,12,364,5,10.4,12.0,12.6,13.214285714285714,13.4
1989-12-31,12.7,12,365,6,14.4,12.7,12.1,13.557142857142855,13.528571428571428
1990-01-01,14.8,1,1,0,12.7,16.4,17.3,13.557142857142859,13.571428571428571
1990-01-02,13.3,1,2,1,14.8,16.0,16.4,13.328571428571427,13.392857142857142
1990-01-03,15.6,1,3,2,13.3,13.3,12.6,12.942857142857141,13.171428571428573
1990-01-04,14.5,1,4,3,15.6,11.7,12.3,13.271428571428572,13.385714285714286
1990-01-05,14.3,1,5,4,14.5,10.4,11.8,13.671428571428573,13.542857142857143
1990-01-06,15.3,1,6,5,14.3,14.4,12.0,14.228571428571428,13.721428571428573
1990-01-07,16.4,1,7,6,15.3,12.7,12.7,14.357142857142858,13.957142857142857
1990-01-08,14.8,1,8,0,16.4,14.8,16.4,14.885714285714286,14.221428571428572
1990-01-09,17.4,1,9,1,14.8,13.3,16.0,14.885714285714286,14.107142857142858
1990-01-10,18.8,1,10,2,17.4,15.6,13.3,15.471428571428573,14.207142857142856
1990-01-11,22.1,1,11,3,18.8,14.5,11.7,15.928571428571429,14.6
1990-01-12,19.0,1,12,4,22.1,14.3,10.4,17.014285714285712,15.342857142857142
1990-01-13,15.5,1,13,5,19.0,15.3,14.4,17.685714285714287,15.957142857142857
1990-01-14,15.8,1,14,6,15.5,16.4,12.7,17.714285714285715,16.035714285714285
1990-01-15,14.7,1,15,0,15.8,14.8,14.8,17.62857142857143,16.25714285714286
1990-01-16,10.7,1,16,1,14.7,17.4,13.3,17.614285714285717,16.25
1990-01-17,11.5,1,17,2,10.7,18.8,15.6,16.657142857142855,16.064285714285713
1990-01-18,15.0,1,18,3,11.5,22.1,14.5,15.614285714285714,15.771428571428572
1990-01-19,14.5,1,19,4,15.0,19.0,14.3,14.599999999999998,15.807142857142859
1990-01-20,14.5,1,20,5,14.5,15.5,15.3,13.957142857142856,15.821428571428571
1990-01-21,13.3,1,21,6,14.5,15.8,16.4,13.814285714285713,15.764285714285716
1990-01-22,14.3,1,22,0,13.3,14.7,14.8,13.457142857142856,15.542857142857143
1990-01-23,14.3,1,23,1,14.3,10.7,17.4,13.400000000000002,15.507142857142856
1990-01-24,20.5,1,24,2,14.3,11.5,18.8,13.914285714285715,15.285714285714286
1990-01-25,15.0,1,25,3,20.5,15.0,22.1,15.200000000000001,15.407142857142857
1990-01-26,17.1,1,26,4,15.0,14.5,19.0,15.200000000000001,14.900000000000002
1990-01-27,16.9,1,27,5,17.1,14.5,15.5,15.571428571428571,14.764285714285716
1990-01-28,16.9,1,28,6,16.9,13.3,15.8,15.914285714285715,14.864285714285716
1990-01-29,13.6,1,29,0,16.9,14.3,14.7,16.428571428571427,14.942857142857141
1990-01-30,16.4,1,30,1,13.6,14.3,10.7,16.32857142857143,14.864285714285714
1990-01-31,16.1,1,31,2,16.4,20.5,11.5,16.62857142857143,15.27142857142857
1990-02-01,12.0,2,32,3,16.1,15.0,15.0,16.0,15.599999999999998
1990-02-02,12.2,2,33,4,12.0,17.1,14.5,15.571428571428571,15.385714285714284
1990-02-03,14.8,2,34,5,12.2,16.9,14.5,14.871428571428572,15.221428571428572
1990-02-04,14.8,2,35,6,14.8,16.9,13.3,14.571428571428571,15.242857142857142
1990-02-05,14.4,2,36,0,14.8,13.6,14.3,14.27142857142857,15.35
1990-02-06,12.9,2,37,1,14.4,16.4,14.3,14.385714285714286,15.357142857142858
1990-02-07,13.4,2,38,2,12.9,16.1,20.5,13.885714285714288,15.257142857142856
1990-02-08,15.9,2,39,3,13.4,12.0,15.0,13.5,14.750000000000002
1990-02-09,16.1,2,40,4,15.9,12.2,17.1,14.057142857142859,14.814285714285713
1990-02-10,17.6,2,41,5,16.1,14.8,16.9,14.614285714285714,14.742857142857144
1990-02-11,15.6,2,42,6,17.6,14.8,16.9,15.014285714285716,14.792857142857143
1990-02-12,15.0,2,43,0,15.6,14.4,13.6,15.12857142857143,14.700000000000001
1990-02-13,13.0,2,44,1,15.0,12.9,16.4,15.214285714285714,14.8
1990-02-14,14.1,2,45,2,13.0,13.4,16.1,15.228571428571428,14.557142857142859
1990-02-15,17.3,2,46,3,14.1,15.9,12.0,15.328571428571431,14.414285714285713
1990-02-16,15.7,2,47,4,17.3,16.1,12.2,15.528571428571428,14.792857142857144
1990-02-17,18.6,2,48,5,15.7,17.6,14.8,15.471428571428573,15.042857142857143
1990-02-18,12.7,2,49,6,18.6,15.6,14.8,15.614285714285714,15.314285714285717
1990-02-19,14.0,2,50,0,12.7,15.0,14.4,15.200000000000001,15.164285714285715
1990-02-20,13.7,2,51,1,14.0,13.0,12.9,15.057142857142859,15.135714285714286
1990-02-21,16.3,2,52,2,13.7,14.1,13.4,15.157142857142857,15.192857142857141
1990-02-22,20.0,2,53,3,16.3,17.3,15.9,15.471428571428573,15.4
1990-02-23,17.0,2,54,4,20.0,15.7,16.1,15.857142857142858,15.692857142857145
1990-02-24,15.2,2,55,5,17.0,18.6,17.6,16.042857142857144,15.757142857142856
1990-02-25,16.5,2,56,6,15.2,12.7,15.6,15.557142857142859,15.585714285714285
1990-02-26,16.5,2,57,0,16.5,14.0,15.0,16.099999999999998,15.65
1990-02-27,17.3,2,58,1,16.5,13.7,13.0,16.457142857142856,15.757142857142856
1990-02-28,19.1,2,59,2,17.3,16.3,14.1,16.97142857142857,16.064285714285713
1990-03-01,19.3,3,60,3,19.1,20.0,17.3,17.37142857142857,16.42142857142857
1990-03-02,17.3,3,61,4,19.3,17.0,15.7,17.271428571428572,16.564285714285713
1990-03-03,19.0,3,62,5,17.3,15.2,18.6,17.314285714285713,16.678571428571427
1990-03-04,19.8,3,63,6,19.0,16.5,12.7,17.857142857142858,16.707142857142856
1990-03-05,19.3,3,64,0,19.8,16.5,14.0,18.32857142857143,17.214285714285715
1990-03-06,17.2,3,65,1,19.3,17.3,13.7,18.728571428571428,17.592857142857145
1990-03-07,14.2,3,66,2,17.2,19.1,16.3,18.714285714285715,17.842857142857145
1990-03-08,10.3,3,67,3,14.2,19.3,20.0,18.014285714285716,17.692857142857143
1990-03-09,13.0,3,68,4,10.3,17.3,17.0,16.72857142857143,17.0
1990-03-10,15.3,3,69,5,13.0,19.0,15.2,16.114285714285714,16.714285714285715
1990-03-11,15.0,3,70,6,15.3,19.8,16.5,15.585714285714285,16.72142857142857
1990-03-12,12.1,3,71,0,15.0,19.3,16.5,14.9,16.614285714285717
1990-03-13,9.2,3,72,1,12.1,17.2,17.3,13.871428571428572,16.3
1990-03-14,11.0,3,73,2,9.2,14.2,19.1,12.728571428571428,15.721428571428572
1990-03-15,15.0,3,74,3,11.0,10.3,19.3,12.27142857142857,15.142857142857142
1990-03-16,11.6,3,75,4,15.0,13.0,17.3,12.942857142857141,14.835714285714285
1990-03-17,11.6,3,76,5,11.6,15.3,19.0,12.742857142857144,14.428571428571429
1990-03-18,15.1,3,77,6,11.6,15.0,19.8,12.214285714285714,13.900000000000002
1990-03-19,15.0,3,78,0,15.1,12.1,19.3,12.228571428571428,13.564285714285715
1990-03-20,13.6,3,79,1,15.0,9.2,17.2,12.642857142857142,13.257142857142856
1990-03-21,12.5,3,80,2,13.6,11.0,14.2,13.271428571428572,13.0
1990-03-22,14.3,3,81,3,12.5,15.0,10.3,13.485714285714286,12.87857142857143
1990-03-23,16.0,3,82,4,14.3,11.6,13.0,13.385714285714286,13.164285714285715
1990-03-24,17.4,3,83,5,16.0,11.6,15.3,14.014285714285714,13.37857142857143
1990-03-25,16.9,3,84,6,17.4,15.1,15.0,14.842857142857143,13.528571428571427
1990-03-26,18.0,3,85,0,16.9,15.0,12.1,15.1,13.664285714285713
1990-03-27,20.6,3,86,1,18.0,13.6,9.2,15.528571428571427,14.085714285714285
1990-03-28,14.2,3,87,2,20.6,12.5,11.0,16.52857142857143,14.9
1990-03-29,10.9,3,88,3,14.2,14.3,15.0,16.77142857142857,15.12857142857143
1990-03-30,11.9,3,89,4,10.9,16.0,11.6,16.285714285714285,14.835714285714285
1990-03-31,13.3,3,90,5,11.9,17.4,11.6,15.700000000000001,14.857142857142858
1990-04-01,15.3,4,91,6,13.3,16.9,15.1,15.114285714285714,14.978571428571428
1990-04-02,14.7,4,92,0,15.3,18.0,15.0,14.885714285714286,14.992857142857142
1990-04-03,11.0,4,93,1,14.7,20.6,13.6,14.414285714285715,14.971428571428572
1990-04-04,12.2,4,94,2,11.0,14.2,12.5,13.042857142857144,14.785714285714286
1990-04-05,14.2,4,95,3,12.2,10.9,14.3,12.757142857142858,14.764285714285714
1990-04-06,17.0,4,96,4,14.2,11.9,16.0,13.228571428571428,14.757142857142856
1990-04-07,15.8,4,97,5,17.0,13.3,17.4,13.957142857142856,14.828571428571427
1990-04-08,15.2,4,98,6,15.8,15.3,16.9,14.314285714285713,14.714285714285714
1990-04-09,15.1,4,99,0,15.2,14.7,18.0,14.299999999999999,14.592857142857143
1990-04-10,14.7,4,100,1,15.1,11.0,20.6,14.357142857142858,14.385714285714286
1990-04-11,18.5,4,101,2,14.7,12.2,14.2,14.885714285714284,13.964285714285714
1990-04-12,16.4,4,102,3,18.5,14.2,10.9,15.785714285714286,14.27142857142857
1990-04-13,18.4,4,103,4,16.4,17.0,11.9,16.1,14.664285714285715
1990-04-14,15.1,4,104,5,18.4,15.8,13.3,16.3,15.12857142857143
1990-04-15,9.9,4,105,6,15.1,15.2,15.3,16.2,15.257142857142856
1990-04-16,10.2,4,106,0,9.9,15.1,14.7,15.442857142857141,14.871428571428572
1990-04-17,12.6,4,107,1,10.2,14.7,11.0,14.742857142857142,14.549999999999999
1990-04-18,13.2,4,108,2,12.6,18.5,12.2,14.442857142857145,14.664285714285713
1990-04-19,11.5,4,109,3,13.2,16.4,14.2,13.685714285714283,14.735714285714286
1990-04-20,13.8,4,110,4,11.5,18.4,17.0,12.985714285714284,14.542857142857143
1990-04-21,14.5,4,111,5,13.8,15.1,15.8,12.328571428571431,14.314285714285713
1990-04-22,14.7,4,112,6,14.5,9.9,15.2,12.242857142857144,14.221428571428572
1990-04-23,11.2,4,113,0,14.7,10.2,15.1,12.928571428571429,14.185714285714285
1990-04-24,12.7,4,114,1,11.2,12.6,14.7,13.071428571428571,13.907142857142857
1990-04-25,13.7,4,115,2,12.7,13.2,18.5,13.085714285714285,13.764285714285714
1990-04-26,11.5,4,116,3,13.7,11.5,16.4,13.157142857142858,13.421428571428573
1990-04-27,10.4,4,117,4,11.5,13.8,18.4,13.157142857142858,13.071428571428571
1990-04-28,8.9,4,118,5,10.4,14.5,15.1,12.671428571428569,12.5
1990-04-29,11.1,4,119,6,8.9,14.7,9.9,11.87142857142857,12.057142857142855
1990-04-30,9.5,4,120,0,11.1,11.2,10.2,11.357142857142858,12.142857142857142
1990-05-01,13.0,5,121,1,9.5,12.7,12.6,11.114285714285714,12.092857142857143
1990-05-02,13.9,5,122,2,13.0,13.7,13.2,11.157142857142857,12.121428571428572
1990-05-03,12.6,5,123,3,13.9,11.5,11.5,11.185714285714285,12.171428571428569
1990-05-04,14.3,5,124,4,12.6,10.4,13.8,11.342857142857142,12.25
1990-05-05,16.0,5,125,5,14.3,8.9,14.5,11.900000000000002,12.285714285714286
1990-05-06,13.3,5,126,6,16.0,11.1,14.7,12.914285714285715,12.392857142857142
1990-05-07,7.0,5,127,0,13.3,9.5,11.2,13.22857142857143,12.292857142857143
1990-05-08,4.9,5,128,1,7.0,13.0,12.7,12.871428571428572,11.992857142857144
1990-05-09,6.9,5,129,2,4.9,13.9,13.7,11.714285714285714,11.435714285714287
1990-05-10,13.7,5,130,3,6.9,12.6,11.5,10.714285714285714,10.950000000000001
1990-05-11,10.6,5,131,4,13.7,14.3,10.4,10.871428571428572,11.107142857142858
1990-05-12,12.3,5,132,5,10.6,16.0,8.9,10.342857142857143,11.12142857142857
1990-05-13,11.1,5,133,6,12.3,13.3,11.1,9.814285714285715,11.364285714285716
1990-05-14,10.2,5,134,0,11.1,7.0,9.5,9.5,11.364285714285714
1990-05-15,9.5,5,135,1,10.2,4.9,13.0,9.957142857142857,11.414285714285713
1990-05-16,8.9,5,136,2,9.5,6.9,13.9,10.614285714285714,11.164285714285713
1990-05-17,13.4,5,137,3,8.9,13.7,12.6,10.900000000000002,10.807142857142859
1990-05-18,9.1,5,138,4,13.4,10.6,14.3,10.857142857142858,10.864285714285714
1990-05-19,9.4,5,139,5,9.1,12.3,16.0,10.642857142857142,10.492857142857144
1990-05-20,8.7,5,140,6,9.4,11.1,13.3,10.228571428571428,10.021428571428572
1990-05-21,5.8,5,141,0,8.7,10.2,7.0,9.885714285714286,9.692857142857141
1990-05-22,4.5,5,142,1,5.8,9.5,4.9,9.257142857142856,9.607142857142858
1990-05-23,7.2,5,143,2,4.5,8.9,6.9,8.542857142857143,9.578571428571427
1990-05-24,10.0,5,144,3,7.2,13.4,13.7,8.3,9.6
1990-05-25,10.5,5,145,4,10.0,9.1,10.6,7.814285714285715,9.335714285714285
1990-05-26,10.7,5,146,5,10.5,9.4,12.3,8.014285714285714,9.328571428571427
1990-05-27,8.2,5,147,6,10.7,8.7,11.1,8.200000000000001,9.214285714285714
1990-05-28,6.1,5,148,0,8.2,5.8,10.2,8.128571428571428,9.007142857142856
1990-05-29,4.5,5,149,1,6.1,4.5,9.5,8.171428571428573,8.714285714285714
1990-05-30,6.1,5,150,2,4.5,7.2,8.9,8.171428571428573,8.357142857142858
1990-05-31,9.8,5,151,3,6.1,10.0,13.4,8.014285714285714,8.157142857142857
1990-06-01,9.7,6,152,4,9.8,10.5,9.1,7.985714285714286,7.8999999999999995
1990-06-02,8.2,6,153,5,9.7,10.7,9.4,7.871428571428571,7.942857142857143
1990-06-03,8.4,6,154,6,8.2,8.2,8.7,7.514285714285713,7.857142857142857
1990-06-04,8.5,6,155,0,8.4,6.1,5.8,7.542857142857143,7.835714285714286
1990-06-05,10.4,6,156,1,8.5,4.5,4.5,7.885714285714285,8.028571428571428
1990-06-06,6.8,6,157,2,10.4,6.1,7.2,8.728571428571428,8.45
1990-06-07,6.0,6,158,3,6.8,9.8,10.0,8.82857142857143,8.42142857142857
1990-06-08,6.6,6,159,4,6.0,9.7,10.5,8.285714285714286,8.135714285714286
1990-06-09,7.8,6,160,5,6.6,8.2,10.7,7.8428571428571425,7.857142857142857
1990-06-10,10.3,6,161,6,7.8,8.4,8.2,7.785714285714286,7.6499999999999995
1990-06-11,7.2,6,162,0,10.3,8.5,6.1,8.057142857142859,7.8
1990-06-12,7.4,6,163,1,7.2,10.4,4.5,7.871428571428572,7.878571428571429
1990-06-13,11.4,6,164,2,7.4,6.8,6.1,7.442857142857143,8.085714285714285
1990-06-14,5.4,6,165,3,11.4,6.0,9.8,8.1,8.464285714285714
1990-06-15,4.4,6,166,4,5.4,6.6,9.7,8.014285714285714,8.15
1990-06-16,6.4,6,167,5,4.4,7.8,8.2,7.7,7.771428571428571
1990-06-17,9.3,6,168,6,6.4,10.3,8.4,7.5,7.642857142857143
1990-06-18,7.7,6,169,0,9.3,7.2,8.5,7.3571428571428585,7.707142857142857
1990-06-19,8.1,6,170,1,7.7,7.4,10.4,7.428571428571429,7.65
1990-06-20,8.3,6,171,2,8.1,11.4,6.8,7.528571428571429,7.485714285714286
1990-06-21,9.1,6,172,3,8.3,5.4,6.0,7.0857142857142845,7.5928571428571425
1990-06-22,7.7,6,173,4,9.1,4.4,6.6,7.614285714285714,7.814285714285715
1990-06-23,10.6,6,174,5,7.7,6.4,7.8,8.085714285714285,7.892857142857143
1990-06-24,8.2,6,175,6,10.6,9.3,10.3,8.685714285714285,8.092857142857143
1990-06-25,7.9,6,176,0,8.2,7.7,7.2,8.528571428571428,7.942857142857142
1990-06-26,5.2,6,177,1,7.9,8.1,7.4,8.557142857142857,7.992857142857142
1990-06-27,5.9,6,178,2,5.2,8.3,11.4,8.142857142857142,7.835714285714286
1990-06-28,3.7,6,179,3,5.9,9.1,5.4,7.8,7.442857142857143
1990-06-29,5.6,6,180,4,3.7,7.7,4.4,7.028571428571429,7.321428571428571
1990-06-30,9.4,6,181,5,5.6,10.6,6.4,6.728571428571428,7.4071428571428575
1990-07-01,7.4,7,182,6,9.4,8.2,9.3,6.557142857142858,7.621428571428571
1990-07-02,7.3,7,183,0,7.4,7.9,7.7,6.442857142857143,7.485714285714286
1990-07-03,7.7,7,184,1,7.3,5.2,8.1,6.357142857142857,7.457142857142856
1990-07-04,7.7,7,185,2,7.7,5.9,8.3,6.714285714285714,7.428571428571429
1990-07-05,9.3,7,186,3,7.7,3.7,9.1,6.971428571428572,7.385714285714286
1990-07-06,4.4,7,187,4,9.3,5.6,7.7,7.771428571428571,7.3999999999999995
1990-07-07,5.7,7,188,5,4.4,9.4,10.6,7.6,7.1642857142857155
1990-07-08,10.2,7,189,6,5.7,7.4,8.2,7.071428571428571,6.814285714285714
1990-07-09,10.2,7,190,0,10.2,7.3,7.9,7.471428571428571,6.957142857142856
1990-07-10,9.3,7,191,1,10.2,7.7,5.2,7.885714285714286,7.121428571428572
1990-07-11,5.4,7,192,2,9.3,7.7,5.9,8.114285714285714,7.414285714285714
1990-07-12,5.0,7,193,3,5.4,9.3,3.7,7.785714285714286,7.378571428571428
1990-07-13,7.6,7,194,4,5.0,4.4,5.6,7.171428571428572,7.471428571428572
1990-07-14,9.6,7,195,5,7.6,5.7,9.4,7.628571428571429,7.614285714285714
1990-07-15,10.4,7,196,6,9.6,10.2,7.4,8.185714285714285,7.628571428571429
1990-07-16,11.2,7,197,0,10.4,10.2,7.3,8.214285714285714,7.8428571428571425
1990-07-17,9.1,7,198,1,11.2,9.3,7.7,8.357142857142858,8.121428571428572
1990-07-18,11.2,7,199,2,9.1,5.4,7.7,8.32857142857143,8.221428571428572
1990-07-19,6.8,7,200,3,11.2,5.0,9.3,9.157142857142857,8.471428571428572
1990-07-20,8.3,7,201,4,6.8,7.6,4.4,9.414285714285713,8.292857142857143
1990-07-21,9.7,7,202,5,8.3,9.6,5.7,9.514285714285714,8.571428571428571
1990-07-22,9.6,7,203,6,9.7,10.4,10.2,9.528571428571428,8.857142857142858
1990-07-23,9.8,7,204,0,9.6,11.2,10.2,9.414285714285713,8.814285714285715
1990-07-24,10.8,7,205,1,9.8,9.1,9.3,9.214285714285714,8.785714285714286
1990-07-25,9.2,7,206,2,10.8,11.2,5.4,9.457142857142857,8.892857142857142
1990-07-26,6.5,7,207,3,9.2,6.8,5.0,9.171428571428573,9.164285714285713
1990-07-27,8.1,7,208,4,6.5,8.3,7.6,9.128571428571428,9.27142857142857
1990-07-28,7.3,7,209,5,8.1,9.7,9.6,9.1,9.307142857142859
1990-07-29,7.9,7,210,6,7.3,9.6,10.4,8.757142857142856,9.142857142857142
1990-07-30,6.0,7,211,0,7.9,9.8,11.2,8.514285714285714,8.964285714285714
1990-07-31,5.0,7,212,1,6.0,10.8,9.1,7.971428571428571,8.592857142857143
1990-08-01,6.8,8,213,2,5.0,9.2,11.2,7.142857142857143,8.3
1990-08-02,9.8,8,214,3,6.8,6.5,6.8,6.799999999999999,7.985714285714286
1990-08-03,5.7,8,215,4,9.8,8.1,8.3,7.271428571428571,8.200000000000001
1990-08-04,8.6,8,216,5,5.7,7.3,9.7,6.928571428571429,8.014285714285714
1990-08-05,10.6,8,217,6,8.6,7.9,9.6,7.114285714285714,7.935714285714286
1990-08-06,7.8,8,218,0,10.6,6.0,9.8,7.5,8.007142857142856
1990-08-07,7.7,8,219,1,7.8,5.0,10.8,7.757142857142858,7.864285714285714
1990-08-08,8.6,8,220,2,7.7,6.8,9.2,8.142857142857142,7.642857142857143
1990-08-09,6.5,8,221,3,8.6,9.8,6.5,8.4,7.6000000000000005
1990-08-10,6.9,8,222,4,6.5,5.7,8.1,7.928571428571429,7.6000000000000005
1990-08-11,6.4,8,223,5,6.9,8.6,7.3,8.1,7.514285714285714
1990-08-12,8.5,8,224,6,6.4,10.6,7.9,7.785714285714286,7.450000000000001
1990-08-13,7.8,8,225,0,8.5,7.8,6.0,7.485714285714287,7.492857142857143
1990-08-14,9.3,8,226,1,7.8,7.7,5.0,7.485714285714286,7.621428571428572
1990-08-15,8.4,8,227,2,9.3,8.6,6.8,7.714285714285714,7.928571428571429
1990-08-16,7.8,8,228,3,8.4,6.5,9.8,7.685714285714286,8.042857142857143
1990-08-17,7.4,8,229,4,7.8,6.9,5.7,7.871428571428572,7.9
1990-08-18,7.7,8,230,5,7.4,6.4,8.6,7.942857142857143,8.021428571428572
1990-08-19,8.9,8,231,6,7.7,8.5,10.6,8.12857142857143,7.957142857142857
1990-08-20,9.7,8,232,0,8.9,7.8,7.8,8.185714285714287,7.835714285714286
1990-08-21,9.9,8,233,1,9.7,9.3,7.7,8.457142857142857,7.971428571428572
1990-08-22,6.1,8,234,2,9.9,8.4,8.6,8.542857142857143,8.12857142857143
1990-08-23,6.6,8,235,3,6.1,7.8,6.5,8.214285714285714,7.950000000000001
1990-08-24,7.6,8,236,4,6.6,7.4,6.9,8.042857142857143,7.957142857142857
1990-08-25,7.4,8,237,5,7.6,7.7,6.4,8.071428571428571,8.007142857142858
1990-08-26,8.0,8,238,6,7.4,8.9,8.5,8.028571428571428,8.078571428571427
1990-08-27,2.1,8,239,0,8.0,9.7,7.8,7.8999999999999995,8.042857142857143
1990-08-28,5.9,8,240,1,2.1,9.9,9.3,6.814285714285714,7.635714285714286
1990-08-29,11.6,8,241,2,5.9,6.1,8.4,6.242857142857143,7.392857142857143
1990-08-30,8.6,8,242,3,11.6,6.6,7.8,7.028571428571428,7.621428571428572
1990-08-31,7.9,8,243,4,8.6,7.6,7.4,7.314285714285714,7.678571428571429
1990-09-01,6.0,9,244,5,7.9,7.4,7.7,7.357142857142857,7.714285714285714
1990-09-02,9.5,9,245,6,6.0,8.0,8.9,7.157142857142857,7.592857142857143
1990-09-03,8.6,9,246,0,9.5,2.1,9.7,7.371428571428571,7.635714285714286
1990-09-04,7.6,9,247,1,8.6,5.9,9.9,8.3,7.557142857142857
1990-09-05,10.4,9,248,2,7.6,11.6,6.1,8.542857142857143,7.392857142857143
1990-09-06,10.3,9,249,3,10.4,8.6,6.6,8.371428571428572,7.7
1990-09-07,7.5,9,250,4,10.3,7.9,7.6,8.614285714285714,7.964285714285714
1990-09-08,3.0,9,251,5,7.5,6.0,7.4,8.557142857142859,7.957142857142856
1990-09-09,5.3,9,252,6,3.0,9.5,8.0,8.12857142857143,7.642857142857143
1990-09-10,10.5,9,253,0,5.3,8.6,2.1,7.528571428571429,7.45
1990-09-11,14.6,9,254,1,10.5,7.6,5.9,7.8,8.049999999999999
1990-09-12,12.6,9,255,2,14.6,10.4,11.6,8.8,8.671428571428573
1990-09-13,9.8,9,256,3,12.6,10.3,8.6,9.114285714285714,8.742857142857142
1990-09-14,7.2,9,257,4,9.8,7.5,7.9,9.042857142857143,8.828571428571427
1990-09-15,10.1,9,258,5,7.2,3.0,6.0,9.0,8.778571428571428
1990-09-16,10.4,9,259,6,10.1,5.3,9.5,10.014285714285714,9.071428571428571
1990-09-17,3.7,9,260,0,10.4,10.5,8.6,10.742857142857144,9.135714285714284
1990-09-18,7.3,9,261,1,3.7,14.6,7.6,9.771428571428572,8.785714285714286
1990-09-19,11.6,9,262,2,7.3,12.6,10.4,8.72857142857143,8.764285714285714
1990-09-20,16.3,9,263,3,11.6,9.8,10.3,8.585714285714285,8.85
1990-09-21,9.6,9,264,4,16.3,7.2,7.5,9.514285714285714,9.278571428571428
1990-09-22,6.8,9,265,5,9.6,10.1,3.0,9.857142857142858,9.428571428571429
1990-09-23,5.2,9,266,6,6.8,10.4,5.3,9.385714285714286,9.700000000000001
1990-09-24,10.6,9,267,0,5.2,3.7,10.5,8.642857142857142,9.692857142857141
1990-09-25,16.3,9,268,1,10.6,7.3,14.6,9.62857142857143,9.7
1990-09-26,9.8,9,269,2,16.3,11.6,12.6,10.914285714285715,9.821428571428571
1990-09-27,4.6,9,270,3,9.8,16.3,9.8,10.657142857142858,9.621428571428572
1990-09-28,11.1,9,271,4,4.6,9.6,7.2,8.985714285714286,9.25
1990-09-29,8.7,9,272,5,11.1,6.8,10.1,9.200000000000001,9.528571428571428
1990-09-30,10.0,9,273,6,8.7,5.2,10.4,9.471428571428572,9.428571428571429
1990-10-01,11.3,10,274,0,10.0,10.6,3.7,10.157142857142857,9.4
1990-10-02,10.5,10,275,1,11.3,16.3,7.3,10.257142857142858,9.942857142857141
1990-10-03,9.9,10,276,2,10.5,9.8,11.6,9.428571428571429,10.171428571428569
1990-10-04,11.0,10,277,3,9.9,4.6,16.3,9.442857142857145,10.049999999999999
1990-10-05,14.0,10,278,4,11.0,11.1,9.6,10.357142857142858,9.671428571428573
1990-10-06,9.2,10,279,5,14.0,8.7,6.8,10.771428571428572,9.985714285714286
1990-10-07,9.8,10,280,6,9.2,10.0,5.2,10.842857142857142,10.157142857142857
1990-10-08,6.0,10,281,0,9.8,11.3,10.6,10.814285714285715,10.485714285714286
1990-10-09,9.8,10,282,1,6.0,10.5,16.3,10.057142857142859,10.157142857142858
1990-10-10,9.2,10,283,2,9.8,9.9,9.8,9.957142857142857,9.692857142857141
1990-10-11,11.8,10,284,3,9.2,11.0,4.6,9.857142857142858,9.65
1990-10-12,10.3,10,285,4,11.8,14.0,11.1,9.971428571428572,10.164285714285715
1990-10-13,7.5,10,286,5,10.3,9.2,8.7,9.442857142857145,10.107142857142858
1990-10-14,7.7,10,287,6,7.5,9.8,10.0,9.200000000000001,10.021428571428572
1990-10-15,15.8,10,288,0,7.7,6.0,11.3,8.9,9.857142857142858
1990-10-16,14.6,10,289,1,15.8,9.8,10.5,10.3,10.178571428571429
1990-10-17,10.5,10,290,2,14.6,9.2,9.9,10.985714285714286,10.471428571428572
1990-10-18,11.3,10,291,3,10.5,11.8,11.0,11.171428571428573,10.514285714285714
1990-10-19,10.9,10,292,4,11.3,10.3,14.0,11.1,10.535714285714286
1990-10-20,6.4,10,293,5,10.9,7.5,9.2,11.185714285714287,10.314285714285715
1990-10-21,10.9,10,294,6,6.4,7.7,9.8,11.028571428571428,10.114285714285716
1990-10-22,9.0,10,295,0,10.9,15.8,6.0,11.485714285714286,10.192857142857141
1990-10-23,10.9,10,296,1,9.0,14.6,9.8,10.514285714285716,10.407142857142857
1990-10-24,12.4,10,297,2,10.9,10.5,9.2,9.985714285714286,10.485714285714286
1990-10-25,11.6,10,298,3,12.4,11.3,11.8,10.257142857142858,10.714285714285714
1990-10-26,13.3,10,299,4,11.6,10.9,10.3,10.299999999999999,10.700000000000001
1990-10-27,14.4,10,300,5,13.3,6.4,7.5,10.642857142857142,10.914285714285715
1990-10-28,18.4,10,301,6,14.4,10.9,7.7,11.785714285714286,11.407142857142858
1990-10-29,13.6,10,302,0,18.4,9.0,15.8,12.857142857142858,12.171428571428573
1990-10-30,14.9,10,303,1,13.6,10.9,14.6,13.514285714285716,12.014285714285716
1990-10-31,14.8,10,304,2,14.9,12.4,10.5,14.085714285714285,12.035714285714286
1990-11-01,15.4,11,305,3,14.8,11.6,11.3,14.428571428571429,12.342857142857143
1990-11-02,11.8,11,306,4,15.4,13.3,10.9,14.971428571428572,12.635714285714286
1990-11-03,13.0,11,307,5,11.8,14.4,6.4,14.757142857142856,12.7
1990-11-04,11.1,11,308,6,13.0,18.4,10.9,14.557142857142855,13.171428571428569
1990-11-05,12.5,11,309,0,11.1,13.6,9.0,13.514285714285716,13.185714285714287
1990-11-06,18.3,11,310,1,12.5,14.9,10.9,13.357142857142858,13.435714285714287
1990-11-07,19.2,11,311,2,18.3,14.8,12.4,13.842857142857143,13.964285714285714
1990-11-08,15.4,11,312,3,19.2,15.4,11.6,14.471428571428572,14.450000000000001
1990-11-09,13.1,11,313,4,15.4,11.8,13.3,14.471428571428572,14.721428571428572
1990-11-10,11.5,11,314,5,13.1,13.0,14.4,14.657142857142858,14.707142857142857
1990-11-11,8.6,11,315,6,11.5,11.1,18.4,14.442857142857145,14.5
1990-11-12,12.6,11,316,0,8.6,12.5,13.6,14.085714285714285,13.8
1990-11-13,13.8,11,317,1,12.6,18.3,14.9,14.099999999999998,13.728571428571428
1990-11-14,14.6,11,318,2,13.8,19.2,14.8,13.457142857142857,13.650000000000002
1990-11-15,13.2,11,319,3,14.6,15.4,15.4,12.799999999999999,13.635714285714286
1990-11-16,12.3,11,320,4,13.2,13.1,11.8,12.485714285714286,13.478571428571428
1990-11-17,8.8,11,321,5,12.3,11.5,13.0,12.37142857142857,13.514285714285716
1990-11-18,10.7,11,322,6,8.8,8.6,11.1,11.985714285714284,13.214285714285714
1990-11-19,9.9,11,323,0,10.7,12.6,12.5,12.285714285714286,13.185714285714285
1990-11-20,8.3,11,324,1,9.9,13.8,18.3,11.900000000000002,13.0
1990-11-21,15.0,11,325,2,8.3,14.6,19.2,11.114285714285714,12.285714285714286
1990-11-22,12.2,11,326,3,15.0,13.2,15.4,11.171428571428573,11.985714285714284
1990-11-23,10.5,11,327,4,12.2,12.3,13.1,11.028571428571428,11.757142857142858
1990-11-24,11.1,11,328,5,10.5,8.8,11.5,10.771428571428572,11.571428571428571
1990-11-25,13.0,11,329,6,11.1,10.7,8.6,11.1,11.542857142857143
1990-11-26,12.9,11,330,0,13.0,9.9,12.6,11.428571428571429,11.857142857142858
1990-11-27,8.8,11,331,1,12.9,8.3,13.8,11.857142857142858,11.87857142857143
1990-11-28,14.7,11,332,2,8.8,15.0,14.6,11.928571428571429,11.52142857142857
1990-11-29,14.7,11,333,3,14.7,12.2,13.2,11.885714285714286,11.528571428571428
1990-11-30,12.7,11,334,4,14.7,10.5,12.3,12.242857142857142,11.635714285714286
1990-12-01,13.3,12,335,5,12.7,11.1,8.8,12.557142857142855,11.664285714285713
1990-12-02,13.2,12,336,6,13.3,13.0,10.7,12.87142857142857,11.985714285714286
1990-12-03,16.2,12,337,0,13.2,12.9,9.9,12.9,12.164285714285713
1990-12-04,17.3,12,338,1,16.2,8.8,8.3,13.37142857142857,12.614285714285714
1990-12-05,20.5,12,339,2,17.3,14.7,15.0,14.585714285714285,13.257142857142856
1990-12-06,20.2,12,340,3,20.5,14.7,12.2,15.414285714285713,13.65
1990-12-07,19.4,12,341,4,20.2,12.7,10.5,16.2,14.221428571428572
1990-12-08,15.5,12,342,5,19.4,13.3,11.1,17.157142857142855,14.857142857142858
1990-12-09,14.1,12,343,6,15.5,13.2,13.0,17.471428571428568,15.171428571428569
1990-12-10,11.0,12,344,0,14.1,16.2,12.9,17.6,15.25
1990-12-11,11.1,12,345,1,11.0,17.3,8.8,16.857142857142858,15.114285714285714
1990-12-12,14.0,12,346,2,11.1,20.5,14.7,15.971428571428572,15.278571428571428
1990-12-13,11.4,12,347,3,14.0,20.2,14.7,15.042857142857143,15.228571428571428
1990-12-14,12.5,12,348,4,11.4,19.4,12.7,13.785714285714286,14.992857142857144
1990-12-15,13.4,12,349,5,12.5,15.5,13.3,12.799999999999999,14.97857142857143
1990-12-16,13.6,12,350,6,13.4,14.1,13.2,12.5,14.985714285714286
1990-12-17,13.9,12,351,0,13.6,11.0,16.2,12.428571428571429,15.014285714285716
1990-12-18,17.2,12,352,1,13.9,11.1,17.3,12.842857142857143,14.849999999999998
1990-12-19,14.7,12,353,2,17.2,14.0,20.5,13.714285714285714,14.842857142857143
1990-12-20,15.4,12,354,3,14.7,11.4,20.2,13.814285714285715,14.428571428571429
1990-12-21,13.1,12,355,4,15.4,12.5,19.4,14.385714285714286,14.085714285714285
1990-12-22,13.2,12,356,5,13.1,13.4,15.5,14.471428571428572,13.635714285714286
1990-12-23,13.9,12,357,6,13.2,13.6,14.1,14.442857142857145,13.471428571428572
1990-12-24,10.0,12,358,0,13.9,13.9,11.0,14.485714285714284,13.457142857142856
1990-12-25,12.9,12,359,1,10.0,17.2,11.1,13.928571428571429,13.385714285714284
1990-12-26,14.6,12,360,2,12.9,14.7,14.0,13.314285714285715,13.514285714285714
1990-12-27,14.0,12,361,3,14.6,15.4,11.4,13.299999999999999,13.557142857142855
1990-12-28,13.6,12,362,4,14.0,13.1,12.5,13.099999999999998,13.742857142857142
1990-12-29,13.5,12,363,5,13.6,13.2,13.4,13.171428571428573,13.821428571428571
1990-12-30,15.7,12,364,6,13.5,13.9,13.6,13.214285714285714,13.828571428571431
1990-12-31,13.0,12,365,0,15.7,10.0,13.9,13.471428571428573,13.978571428571428
